id,fecha,id_subscripcion
6368,2021-06-08,1.0
6369,2021-07-08,1.0
6370,2021-08-08,1.0
6371,2021-09-08,1.0
6372,2020-09-27,2.0
6373,2020-10-27,2.0
6374,2020-11-27,2.0
6375,2020-12-27,2.0
6376,2021-01-27,2.0
6377,2021-02-27,2.0
6378,2021-03-27,2.0
6379,2021-04-27,2.0
6380,2021-05-27,2.0
6381,2021-06-27,2.0
6382,2021-07-27,2.0
6383,2021-08-27,2.0
6384,2021-09-27,2.0
6385,2021-10-27,2.0
6386,2021-11-27,2.0
6387,2021-12-27,2.0
6388,2020-09-21,3.0
6389,2020-10-21,3.0
6390,2020-11-21,3.0
6391,2020-12-21,3.0
6392,2021-01-21,3.0
6393,2021-02-21,3.0
6394,2021-03-21,3.0
6395,2021-04-21,3.0
6396,2021-05-21,3.0
6397,2021-06-21,3.0
6398,2021-07-21,3.0
6399,2021-08-21,3.0
6400,2021-09-21,3.0
6401,2021-10-21,3.0
6402,2021-11-21,3.0
6403,2021-12-21,3.0
6404,2021-04-19,4.0
6405,2021-05-19,4.0
6406,2021-06-19,4.0
6407,2021-07-19,4.0
6408,2021-08-19,4.0
6409,2021-09-19,4.0
6410,2021-10-19,4.0
6411,2021-11-19,4.0
6412,2021-12-19,4.0
6413,2020-11-01,5.0
6414,2020-12-01,5.0
6415,2021-01-01,5.0
6416,2021-02-01,5.0
6417,2021-03-01,5.0
6418,2021-04-01,5.0
6419,2021-05-01,5.0
6420,2021-06-01,5.0
6421,2021-07-01,5.0
6422,2021-08-01,5.0
6423,2021-09-01,5.0
6424,2021-10-01,5.0
6425,2021-11-01,5.0
6426,2021-12-01,5.0
6427,2020-10-13,6.0
6428,2020-11-13,6.0
6429,2020-12-13,6.0
6430,2021-01-13,6.0
6431,2021-02-13,6.0
6432,2021-03-13,6.0
6433,2021-04-13,6.0
6434,2021-05-13,6.0
6435,2021-06-13,6.0
6436,2021-07-13,6.0
6437,2021-08-13,6.0
6438,2021-09-13,6.0
6439,2021-10-13,6.0
6440,2021-11-13,6.0
6441,2021-12-13,6.0
6442,2020-06-10,7.0
6443,2020-07-10,7.0
6444,2020-08-10,7.0
6445,2020-09-10,7.0
6446,2020-10-10,7.0
6447,2020-11-10,7.0
6448,2020-12-10,7.0
6449,2021-01-10,7.0
6450,2021-02-10,7.0
6451,2021-03-10,7.0
6452,2021-04-10,7.0
6453,2021-05-10,7.0
6454,2021-06-10,7.0
6455,2021-07-10,7.0
6456,2020-05-06,8.0
6457,2020-06-06,8.0
6458,2020-07-06,8.0
6459,2020-08-06,8.0
6460,2020-09-06,8.0
6461,2020-10-06,8.0
6462,2020-11-06,8.0
6463,2020-12-06,8.0
6464,2021-01-06,8.0
6465,2021-02-06,8.0
6466,2021-03-06,8.0
6467,2021-04-06,8.0
6468,2021-01-30,9.0
6469,2021-02-28,9.0
6470,2021-03-28,9.0
6471,2021-04-28,9.0
6472,2021-01-04,10.0
6473,2021-02-04,10.0
6474,2021-03-04,10.0
6475,2021-04-04,10.0
6476,2021-05-04,10.0
6477,2021-06-04,10.0
6478,2021-07-04,10.0
6479,2021-08-04,10.0
6480,2021-09-04,10.0
6481,2021-10-04,10.0
6482,2021-11-04,10.0
6483,2021-12-04,10.0
6484,2020-10-02,11.0
6485,2020-11-02,11.0
6486,2020-12-02,11.0
6487,2021-01-02,11.0
6488,2021-02-02,11.0
6489,2021-03-02,11.0
6490,2021-04-02,11.0
6491,2021-05-02,11.0
6492,2021-06-02,11.0
6493,2021-07-02,11.0
6494,2021-08-02,11.0
6495,2021-09-02,11.0
6496,2021-10-02,11.0
6497,2021-11-02,11.0
6498,2021-12-02,11.0
6499,2021-06-20,12.0
6500,2021-07-20,12.0
6501,2021-08-20,12.0
6502,2021-09-20,12.0
6503,2021-10-20,12.0
6504,2021-11-20,12.0
6505,2021-12-20,12.0
6506,2020-08-18,13.0
6507,2020-09-18,13.0
6508,2020-10-18,13.0
6509,2020-11-18,13.0
6510,2020-12-18,13.0
6511,2021-01-18,13.0
6512,2021-02-18,13.0
6513,2021-03-18,13.0
6514,2021-04-18,13.0
6515,2021-05-18,13.0
6516,2021-06-18,13.0
6517,2021-07-18,13.0
6518,2021-05-21,14.0
6519,2021-06-21,14.0
6520,2021-07-21,14.0
6521,2021-08-21,14.0
6522,2021-09-21,14.0
6523,2021-10-21,14.0
6524,2021-11-21,14.0
6525,2021-12-21,14.0
6526,2020-05-05,15.0
6527,2020-06-05,15.0
6528,2020-07-05,15.0
6529,2020-08-05,15.0
6530,2020-09-05,15.0
6531,2020-10-05,15.0
6532,2020-11-05,15.0
6533,2020-12-05,15.0
6534,2021-01-05,15.0
6535,2021-08-30,16.0
6536,2021-09-30,16.0
6537,2020-09-15,17.0
6538,2020-10-15,17.0
6539,2020-11-15,17.0
6540,2020-12-15,17.0
6541,2021-01-15,17.0
6542,2021-02-15,17.0
6543,2021-03-15,17.0
6544,2021-04-15,17.0
6545,2021-05-15,17.0
6546,2021-06-15,17.0
6547,2021-07-15,17.0
6548,2021-08-15,17.0
6549,2021-09-15,17.0
6550,2021-10-15,17.0
6551,2021-11-15,17.0
6552,2021-12-15,17.0
6553,2021-07-02,18.0
6554,2021-08-02,18.0
6555,2021-09-02,18.0
6556,2021-10-02,18.0
6557,2021-10-26,19.0
6558,2021-11-26,19.0
6559,2021-12-26,19.0
6560,2020-08-26,20.0
6561,2020-09-26,20.0
6562,2020-10-26,20.0
6563,2020-11-26,20.0
6564,2020-12-26,20.0
6565,2021-01-26,20.0
6566,2021-02-26,20.0
6567,2021-03-26,20.0
6568,2021-04-26,20.0
6569,2021-05-26,20.0
6570,2021-06-26,20.0
6571,2021-05-25,21.0
6572,2021-06-25,21.0
6573,2021-07-25,21.0
6574,2021-08-25,21.0
6575,2021-09-25,21.0
6576,2021-10-25,21.0
6577,2021-11-25,21.0
6578,2021-12-25,21.0
6579,2021-06-07,22.0
6580,2021-07-07,22.0
6581,2021-08-07,22.0
6582,2021-09-07,22.0
6583,2021-10-07,22.0
6584,2021-11-07,22.0
6585,2021-12-07,22.0
6586,2020-09-29,23.0
6587,2020-10-29,23.0
6588,2020-11-29,23.0
6589,2020-12-29,23.0
6590,2021-01-29,23.0
6591,2021-02-28,23.0
6592,2021-03-28,23.0
6593,2021-04-28,23.0
6594,2021-05-28,23.0
6595,2021-06-28,23.0
6596,2021-07-28,23.0
6597,2021-08-28,23.0
6598,2021-09-28,23.0
6599,2021-10-28,23.0
6600,2021-11-28,23.0
6601,2021-12-28,23.0
6602,2021-05-06,24.0
6603,2021-06-06,24.0
6604,2021-07-06,24.0
6605,2021-08-06,24.0
6606,2021-09-06,24.0
6607,2021-10-06,24.0
6608,2021-11-06,24.0
6609,2020-12-28,25.0
6610,2021-01-28,25.0
6611,2021-02-28,25.0
6612,2021-03-28,25.0
6613,2021-04-28,25.0
6614,2021-05-28,25.0
6615,2021-06-28,25.0
6616,2021-07-28,25.0
6617,2021-08-28,25.0
6618,2021-09-28,25.0
6619,2021-10-28,25.0
6620,2021-11-28,25.0
6621,2021-12-28,25.0
6622,2020-05-22,26.0
6623,2020-06-22,26.0
6624,2020-07-22,26.0
6625,2020-08-22,26.0
6626,2020-09-22,26.0
6627,2020-10-22,26.0
6628,2020-11-22,26.0
6629,2020-12-22,26.0
6630,2021-01-22,26.0
6631,2021-02-22,26.0
6632,2021-03-22,26.0
6633,2021-04-22,26.0
6634,2021-05-22,26.0
6635,2021-06-22,26.0
6636,2021-07-22,26.0
6637,2021-08-22,26.0
6638,2021-09-22,26.0
6639,2021-10-22,26.0
6640,2021-11-22,26.0
6641,2021-12-22,26.0
6642,2021-10-30,27.0
6643,2021-11-30,27.0
6644,2020-05-25,28.0
6645,2020-06-25,28.0
6646,2020-07-25,28.0
6647,2020-08-25,28.0
6648,2020-09-25,28.0
6649,2020-10-25,28.0
6650,2020-11-25,28.0
6651,2020-12-25,28.0
6652,2021-01-25,28.0
6653,2021-02-25,28.0
6654,2021-03-25,28.0
6655,2021-04-25,28.0
6656,2021-05-25,28.0
6657,2021-06-25,28.0
6658,2021-07-25,28.0
6659,2021-08-25,28.0
6660,2021-09-25,28.0
6661,2021-10-25,28.0
6662,2021-11-25,28.0
6663,2021-12-25,28.0
6664,2021-04-17,29.0
6665,2021-05-17,29.0
6666,2021-06-17,29.0
6667,2021-07-17,29.0
6668,2021-08-17,29.0
6669,2021-09-17,29.0
6670,2021-10-17,29.0
6671,2021-11-17,29.0
6672,2021-12-17,29.0
6673,2021-06-06,30.0
6674,2021-09-30,31.0
6675,2021-10-30,31.0
6676,2021-11-30,31.0
6677,2021-12-30,31.0
6678,2021-04-25,32.0
6679,2021-05-25,32.0
6680,2021-06-25,32.0
6681,2021-07-25,32.0
6682,2021-08-25,32.0
6683,2021-09-25,32.0
6684,2021-10-25,32.0
6685,2021-11-25,32.0
6686,2021-12-25,32.0
6687,2020-12-21,33.0
6688,2021-01-21,33.0
6689,2021-02-21,33.0
6690,2021-03-21,33.0
6691,2021-04-21,33.0
6692,2021-05-21,33.0
6693,2021-06-21,33.0
6694,2021-07-21,33.0
6695,2021-08-21,33.0
6696,2021-09-21,33.0
6697,2021-10-21,33.0
6698,2020-08-08,34.0
6699,2020-09-08,34.0
6700,2020-10-08,34.0
6701,2020-11-08,34.0
6702,2020-12-08,34.0
6703,2021-01-08,34.0
6704,2021-02-08,34.0
6705,2021-03-08,34.0
6706,2021-04-08,34.0
6707,2021-05-08,34.0
6708,2021-06-08,34.0
6709,2021-07-08,34.0
6710,2021-08-08,34.0
6711,2021-09-08,34.0
6712,2021-10-08,34.0
6713,2020-09-15,35.0
6714,2020-10-15,35.0
6715,2020-11-15,35.0
6716,2020-12-15,35.0
6717,2021-01-15,35.0
6718,2021-02-15,35.0
6719,2021-03-15,35.0
6720,2021-04-15,35.0
6721,2021-05-15,35.0
6722,2021-06-15,35.0
6723,2020-09-11,36.0
6724,2020-10-11,36.0
6725,2020-11-11,36.0
6726,2020-12-11,36.0
6727,2021-01-11,36.0
6728,2021-02-11,36.0
6729,2021-03-11,36.0
6730,2021-04-11,36.0
6731,2021-05-11,36.0
6732,2021-06-11,36.0
6733,2021-07-11,36.0
6734,2021-08-11,36.0
6735,2021-09-11,36.0
6736,2021-10-11,36.0
6737,2021-11-11,36.0
6738,2021-12-11,36.0
6739,2020-11-09,37.0
6740,2020-12-09,37.0
6741,2021-01-09,37.0
6742,2021-02-09,37.0
6743,2021-03-09,37.0
6744,2021-04-09,37.0
6745,2021-05-09,37.0
6746,2021-06-09,37.0
6747,2021-07-09,37.0
6748,2021-08-09,37.0
6749,2021-09-09,37.0
6750,2021-03-22,38.0
6751,2021-04-22,38.0
6752,2021-05-22,38.0
6753,2021-06-22,38.0
6754,2021-07-22,38.0
6755,2021-08-22,38.0
6756,2021-09-22,38.0
6757,2021-10-22,38.0
6758,2021-11-22,38.0
6759,2021-12-22,38.0
6760,2021-01-05,39.0
6761,2021-02-05,39.0
6762,2021-03-05,39.0
6763,2021-04-05,39.0
6764,2021-05-05,39.0
6765,2021-06-05,39.0
6766,2021-07-05,39.0
6767,2021-08-05,39.0
6768,2021-09-05,39.0
6769,2021-06-17,40.0
6770,2021-07-17,40.0
6771,2021-08-17,40.0
6772,2021-09-17,40.0
6773,2021-10-17,40.0
6774,2021-11-17,40.0
6775,2020-11-13,41.0
6776,2020-12-13,41.0
6777,2021-01-13,41.0
6778,2021-02-13,41.0
6779,2021-03-13,41.0
6780,2021-04-13,41.0
6781,2021-05-13,41.0
6782,2021-06-13,41.0
6783,2021-07-13,41.0
6784,2021-08-13,41.0
6785,2021-09-13,41.0
6786,2021-10-13,41.0
6787,2021-11-13,41.0
6788,2021-12-13,41.0
6789,2020-05-22,42.0
6790,2020-06-22,42.0
6791,2020-07-22,42.0
6792,2020-08-22,42.0
6793,2020-09-22,42.0
6794,2020-10-22,42.0
6795,2020-11-22,42.0
6796,2020-12-22,42.0
6797,2021-01-22,42.0
6798,2021-02-22,42.0
6799,2021-03-22,42.0
6800,2021-04-22,42.0
6801,2021-05-22,42.0
6802,2021-06-22,42.0
6803,2021-07-22,42.0
6804,2021-08-22,42.0
6805,2021-09-22,42.0
6806,2021-10-22,42.0
6807,2021-11-22,42.0
6808,2021-12-22,42.0
6809,2021-02-14,43.0
6810,2021-03-14,43.0
6811,2021-04-14,43.0
6812,2021-05-14,43.0
6813,2021-06-14,43.0
6814,2021-07-14,43.0
6815,2021-08-14,43.0
6816,2021-09-14,43.0
6817,2021-10-14,43.0
6818,2021-11-14,43.0
6819,2021-12-14,43.0
6820,2021-01-05,44.0
6821,2021-02-05,44.0
6822,2021-03-05,44.0
6823,2021-04-05,44.0
6824,2021-05-05,44.0
6825,2021-06-05,44.0
6826,2021-07-05,44.0
6827,2021-08-05,44.0
6828,2021-09-05,44.0
6829,2021-10-05,44.0
6830,2021-11-05,44.0
6831,2021-12-05,44.0
6832,2021-09-11,45.0
6833,2021-10-11,45.0
6834,2021-11-11,45.0
6835,2021-12-11,45.0
6836,2020-06-29,46.0
6837,2020-07-29,46.0
6838,2020-08-29,46.0
6839,2020-09-29,46.0
6840,2020-10-29,46.0
6841,2020-11-29,46.0
6842,2020-12-29,46.0
6843,2021-01-29,46.0
6844,2021-02-28,46.0
6845,2021-03-28,46.0
6846,2021-04-28,46.0
6847,2021-05-28,46.0
6848,2021-06-28,46.0
6849,2021-07-28,46.0
6850,2021-08-28,46.0
6851,2021-09-28,46.0
6852,2021-10-28,46.0
6853,2021-11-28,46.0
6854,2021-12-28,46.0
6855,2021-03-03,47.0
6856,2021-04-03,47.0
6857,2021-05-03,47.0
6858,2021-06-03,47.0
6859,2021-07-03,47.0
6860,2021-08-03,47.0
6861,2021-09-03,47.0
6862,2021-10-03,47.0
6863,2021-11-03,47.0
6864,2021-12-03,47.0
6865,2020-08-28,48.0
6866,2020-09-28,48.0
6867,2020-10-28,48.0
6868,2020-11-28,48.0
6869,2020-12-28,48.0
6870,2021-01-28,48.0
6871,2021-08-11,49.0
6872,2021-09-11,49.0
6873,2021-10-11,49.0
6874,2021-11-11,49.0
6875,2021-12-11,49.0
6876,2021-04-09,50.0
6877,2021-05-09,50.0
6878,2021-06-09,50.0
6879,2021-07-09,50.0
6880,2021-08-09,50.0
6881,2021-09-09,50.0
6882,2021-10-09,50.0
6883,2021-11-09,50.0
6884,2021-12-09,50.0
6885,2020-08-11,51.0
6886,2020-09-11,51.0
6887,2020-10-11,51.0
6888,2020-11-11,51.0
6889,2020-12-11,51.0
6890,2021-01-11,51.0
6891,2021-02-11,51.0
6892,2021-03-11,51.0
6893,2021-04-11,51.0
6894,2021-05-11,51.0
6895,2021-06-11,51.0
6896,2021-07-11,51.0
6897,2021-08-11,51.0
6898,2021-09-11,51.0
6899,2021-10-11,51.0
6900,2021-11-11,51.0
6901,2021-12-11,51.0
6902,2021-05-05,52.0
6903,2021-06-05,52.0
6904,2021-07-05,52.0
6905,2021-08-05,52.0
6906,2021-09-05,52.0
6907,2021-10-05,52.0
6908,2021-11-05,52.0
6909,2021-12-05,52.0
6910,2020-08-24,53.0
6911,2020-09-24,53.0
6912,2020-10-24,53.0
6913,2020-11-24,53.0
6914,2020-12-24,53.0
6915,2021-01-24,53.0
6916,2021-02-24,53.0
6917,2021-03-24,53.0
6918,2021-04-24,53.0
6919,2021-05-24,53.0
6920,2021-06-24,53.0
6921,2021-07-24,53.0
6922,2021-08-24,53.0
6923,2021-09-24,53.0
6924,2021-10-24,53.0
6925,2021-11-24,53.0
6926,2021-12-24,53.0
6927,2021-06-25,54.0
6928,2021-07-25,54.0
6929,2021-08-25,54.0
6930,2021-09-25,54.0
6931,2021-10-25,54.0
6932,2021-11-25,54.0
6933,2021-12-25,54.0
6934,2021-01-30,55.0
6935,2021-02-28,55.0
6936,2021-03-28,55.0
6937,2021-04-28,55.0
6938,2021-05-28,55.0
6939,2021-06-28,55.0
6940,2021-07-28,55.0
6941,2021-08-28,55.0
6942,2021-09-28,55.0
6943,2021-10-28,55.0
6944,2021-11-28,55.0
6945,2021-12-28,55.0
6946,2021-09-18,56.0
6947,2021-10-18,56.0
6948,2021-11-18,56.0
6949,2021-12-18,56.0
6950,2021-03-28,57.0
6951,2021-04-28,57.0
6952,2021-05-28,57.0
6953,2021-06-28,57.0
6954,2021-07-28,57.0
6955,2021-08-28,57.0
6956,2021-09-28,57.0
6957,2021-10-28,57.0
6958,2021-11-28,57.0
6959,2021-12-28,57.0
6960,2021-08-14,58.0
6961,2021-09-14,58.0
6962,2021-10-14,58.0
6963,2020-07-22,59.0
6964,2020-08-22,59.0
6965,2020-09-22,59.0
6966,2020-10-22,59.0
6967,2020-11-22,59.0
6968,2020-12-22,59.0
6969,2021-01-22,59.0
6970,2020-10-29,60.0
6971,2020-11-29,60.0
6972,2020-12-29,60.0
6973,2021-01-29,60.0
6974,2021-02-28,60.0
6975,2021-03-28,60.0
6976,2021-04-28,60.0
6977,2021-05-28,60.0
6978,2021-06-28,60.0
6979,2021-07-28,60.0
6980,2021-08-28,60.0
6981,2021-09-28,60.0
6982,2021-07-12,61.0
6983,2021-08-12,61.0
6984,2021-09-12,61.0
6985,2020-08-17,62.0
6986,2020-09-17,62.0
6987,2020-10-17,62.0
6988,2020-11-17,62.0
6989,2020-12-17,62.0
6990,2021-01-17,62.0
6991,2021-02-17,62.0
6992,2021-03-17,62.0
6993,2021-04-17,62.0
6994,2021-05-17,62.0
6995,2020-12-20,63.0
6996,2021-01-20,63.0
6997,2021-02-20,63.0
6998,2021-03-20,63.0
6999,2021-04-20,63.0
7000,2021-05-20,63.0
7001,2021-06-20,63.0
7002,2021-07-20,63.0
7003,2021-08-20,63.0
7004,2021-09-20,63.0
7005,2021-10-20,63.0
7006,2021-11-20,63.0
7007,2021-12-20,63.0
7008,2020-11-25,64.0
7009,2020-12-25,64.0
7010,2021-01-25,64.0
7011,2021-02-25,64.0
7012,2021-03-25,64.0
7013,2021-04-25,64.0
7014,2021-05-25,64.0
7015,2021-06-25,64.0
7016,2021-07-25,64.0
7017,2021-08-25,64.0
7018,2021-09-25,64.0
7019,2021-10-25,64.0
7020,2021-11-25,64.0
7021,2021-12-25,64.0
7022,2020-08-15,65.0
7023,2020-09-15,65.0
7024,2020-10-15,65.0
7025,2020-11-15,65.0
7026,2020-12-15,65.0
7027,2021-01-15,65.0
7028,2021-02-15,65.0
7029,2021-03-15,65.0
7030,2021-04-15,65.0
7031,2021-05-15,65.0
7032,2021-06-15,65.0
7033,2021-07-15,65.0
7034,2021-08-15,65.0
7035,2021-09-15,65.0
7036,2021-10-15,65.0
7037,2021-11-15,65.0
7038,2021-12-15,65.0
7039,2021-07-30,66.0
7040,2021-08-30,66.0
7041,2021-09-30,66.0
7042,2021-10-30,66.0
7043,2021-11-30,66.0
7044,2021-12-30,66.0
7045,2021-07-18,67.0
7046,2021-08-18,67.0
7047,2021-09-18,67.0
7048,2021-10-18,67.0
7049,2021-11-18,67.0
7050,2021-12-18,67.0
7051,2021-05-12,68.0
7052,2021-06-12,68.0
7053,2021-07-12,68.0
7054,2021-08-12,68.0
7055,2021-09-12,68.0
7056,2021-10-12,68.0
7057,2021-11-12,68.0
7058,2021-12-12,68.0
7059,2020-05-18,69.0
7060,2020-06-18,69.0
7061,2020-07-18,69.0
7062,2020-08-18,69.0
7063,2020-09-18,69.0
7064,2020-10-18,69.0
7065,2020-11-18,69.0
7066,2020-12-18,69.0
7067,2021-01-18,69.0
7068,2021-02-18,69.0
7069,2021-03-18,69.0
7070,2021-04-18,69.0
7071,2021-05-18,69.0
7072,2021-06-18,69.0
7073,2021-07-18,69.0
7074,2021-08-18,69.0
7075,2021-09-18,69.0
7076,2021-10-18,69.0
7077,2021-11-18,69.0
7078,2021-12-18,69.0
7079,2021-09-26,70.0
7080,2021-10-26,70.0
7081,2021-11-26,70.0
7082,2021-12-26,70.0
7083,2021-05-22,71.0
7084,2021-06-22,71.0
7085,2021-07-22,71.0
7086,2021-08-22,71.0
7087,2021-09-22,71.0
7088,2021-10-22,71.0
7089,2021-11-22,71.0
7090,2021-12-22,71.0
7091,2021-12-04,72.0
7092,2021-04-08,73.0
7093,2021-05-08,73.0
7094,2021-06-08,73.0
7095,2021-07-08,73.0
7096,2021-08-08,73.0
7097,2021-09-08,73.0
7098,2021-10-08,73.0
7099,2021-11-08,73.0
7100,2021-12-08,73.0
7101,2021-09-18,74.0
7102,2021-10-18,74.0
7103,2021-11-18,74.0
7104,2021-12-18,74.0
7105,2021-07-16,75.0
7106,2021-08-16,75.0
7107,2021-09-16,75.0
7108,2021-10-16,75.0
7109,2021-11-16,75.0
7110,2021-12-16,75.0
7111,2021-03-23,76.0
7112,2021-04-23,76.0
7113,2021-05-23,76.0
7114,2021-06-23,76.0
7115,2021-07-23,76.0
7116,2021-08-23,76.0
7117,2021-09-23,76.0
7118,2021-10-23,76.0
7119,2021-11-23,76.0
7120,2021-12-23,76.0
7121,2020-06-05,77.0
7122,2020-07-05,77.0
7123,2020-08-05,77.0
7124,2020-09-05,77.0
7125,2020-10-05,77.0
7126,2020-11-05,77.0
7127,2021-03-09,78.0
7128,2021-04-09,78.0
7129,2021-05-09,78.0
7130,2021-06-09,78.0
7131,2021-07-09,78.0
7132,2021-08-09,78.0
7133,2021-09-09,78.0
7134,2021-10-09,78.0
7135,2021-11-09,78.0
7136,2021-12-09,78.0
7137,2020-11-21,79.0
7138,2020-12-21,79.0
7139,2021-01-21,79.0
7140,2021-02-21,79.0
7141,2021-03-21,79.0
7142,2021-04-21,79.0
7143,2021-05-21,79.0
7144,2021-06-21,79.0
7145,2021-07-21,79.0
7146,2021-08-21,79.0
7147,2021-09-21,79.0
7148,2021-10-21,79.0
7149,2021-11-21,79.0
7150,2021-12-21,79.0
7151,2021-08-27,80.0
7152,2021-09-27,80.0
7153,2021-10-27,80.0
7154,2021-11-27,80.0
7155,2021-12-27,80.0
7156,2021-08-26,81.0
7157,2021-09-26,81.0
7158,2021-10-26,81.0
7159,2021-11-26,81.0
7160,2021-12-26,81.0
7161,2020-07-27,82.0
7162,2020-08-27,82.0
7163,2020-09-27,82.0
7164,2020-10-27,82.0
7165,2020-11-27,82.0
7166,2020-12-27,82.0
7167,2021-01-27,82.0
7168,2021-02-27,82.0
7169,2021-03-27,82.0
7170,2021-04-27,82.0
7171,2021-05-27,82.0
7172,2021-06-27,82.0
7173,2021-07-27,82.0
7174,2021-09-20,83.0
7175,2021-10-20,83.0
7176,2021-07-30,84.0
7177,2021-08-30,84.0
7178,2021-09-30,84.0
7179,2021-10-30,84.0
7180,2021-11-30,84.0
7181,2021-12-30,84.0
7182,2020-08-13,85.0
7183,2020-09-13,85.0
7184,2020-10-13,85.0
7185,2020-11-13,85.0
7186,2020-12-13,85.0
7187,2021-01-13,85.0
7188,2021-02-13,85.0
7189,2021-03-13,85.0
7190,2021-04-13,85.0
7191,2021-05-13,85.0
7192,2021-06-13,85.0
7193,2021-07-13,85.0
7194,2021-08-13,85.0
7195,2021-09-13,85.0
7196,2021-10-13,85.0
7197,2021-11-13,85.0
7198,2021-12-13,85.0
7199,2021-05-21,86.0
7200,2021-06-21,86.0
7201,2021-07-21,86.0
7202,2021-08-21,86.0
7203,2021-09-21,86.0
7204,2021-10-21,86.0
7205,2021-11-21,86.0
7206,2021-12-21,86.0
7207,2021-10-14,87.0
7208,2020-11-04,88.0
7209,2020-12-04,88.0
7210,2021-01-04,88.0
7211,2021-02-04,88.0
7212,2021-03-04,88.0
7213,2021-04-04,88.0
7214,2021-05-04,88.0
7215,2021-06-04,88.0
7216,2021-07-04,88.0
7217,2021-08-04,88.0
7218,2021-09-04,88.0
7219,2021-10-04,88.0
7220,2021-11-04,88.0
7221,2021-12-04,88.0
7222,2020-05-15,89.0
7223,2020-06-15,89.0
7224,2020-07-15,89.0
7225,2020-08-15,89.0
7226,2020-09-15,89.0
7227,2020-10-15,89.0
7228,2020-11-15,89.0
7229,2020-12-15,89.0
7230,2021-01-15,89.0
7231,2021-02-15,89.0
7232,2021-03-15,89.0
7233,2021-04-15,89.0
7234,2021-05-15,89.0
7235,2021-06-15,89.0
7236,2021-07-15,89.0
7237,2021-08-15,89.0
7238,2021-09-15,89.0
7239,2021-10-15,89.0
7240,2021-11-15,89.0
7241,2021-12-15,89.0
7242,2021-02-15,90.0
7243,2021-03-15,90.0
7244,2021-04-15,90.0
7245,2021-05-15,90.0
7246,2021-06-15,90.0
7247,2021-07-15,90.0
7248,2021-08-15,90.0
7249,2021-09-15,90.0
7250,2021-10-15,90.0
7251,2021-11-15,90.0
7252,2021-12-15,90.0
7253,2021-04-06,91.0
7254,2021-05-06,91.0
7255,2021-12-08,92.0
7256,2020-06-25,93.0
7257,2020-07-25,93.0
7258,2020-08-25,93.0
7259,2020-10-12,94.0
7260,2020-11-12,94.0
7261,2020-12-12,94.0
7262,2021-01-12,94.0
7263,2021-02-12,94.0
7264,2021-05-30,95.0
7265,2021-06-30,95.0
7266,2021-07-30,95.0
7267,2021-08-30,95.0
7268,2021-09-30,95.0
7269,2021-10-30,95.0
7270,2021-11-30,95.0
7271,2021-12-30,95.0
7272,2021-03-05,96.0
7273,2021-04-05,96.0
7274,2021-05-05,96.0
7275,2020-09-09,97.0
7276,2020-10-09,97.0
7277,2020-11-09,97.0
7278,2020-12-09,97.0
7279,2021-01-09,97.0
7280,2021-02-09,97.0
7281,2021-03-09,97.0
7282,2021-04-09,97.0
7283,2021-05-09,97.0
7284,2021-06-09,97.0
7285,2021-07-09,97.0
7286,2021-08-09,97.0
7287,2021-09-09,97.0
7288,2021-10-09,97.0
7289,2021-11-09,97.0
7290,2021-12-09,97.0
7291,2021-05-23,98.0
7292,2021-06-23,98.0
7293,2021-07-23,98.0
7294,2021-08-23,98.0
7295,2021-09-23,98.0
7296,2021-10-23,98.0
7297,2021-11-23,98.0
7298,2021-12-23,98.0
7299,2021-05-28,99.0
7300,2021-06-28,99.0
7301,2021-07-28,99.0
7302,2021-08-28,99.0
7303,2021-09-28,99.0
7304,2021-10-28,99.0
7305,2021-11-28,99.0
7306,2021-12-28,99.0
7307,2021-02-28,100.0
7308,2021-03-28,100.0
7309,2021-04-28,100.0
7310,2021-05-28,100.0
7311,2021-06-28,100.0
7312,2021-07-28,100.0
7313,2021-08-28,100.0
7314,2021-09-28,100.0
7315,2021-10-28,100.0
7316,2021-11-28,100.0
7317,2021-12-28,100.0
7318,2020-05-01,101.0
7319,2020-06-01,101.0
7320,2020-07-01,101.0
7321,2020-08-01,101.0
7322,2020-09-01,101.0
7323,2020-10-01,101.0
7324,2020-11-01,101.0
7325,2020-12-01,101.0
7326,2021-01-01,101.0
7327,2021-02-01,101.0
7328,2021-03-01,101.0
7329,2021-04-01,101.0
7330,2021-05-01,101.0
7331,2021-06-01,101.0
7332,2021-07-01,101.0
7333,2021-08-01,101.0
7334,2021-09-01,101.0
7335,2021-10-01,101.0
7336,2021-11-01,101.0
7337,2021-12-01,101.0
7338,2021-09-28,102.0
7339,2021-10-28,102.0
7340,2021-11-28,102.0
7341,2021-12-28,102.0
7342,2021-10-17,103.0
7343,2021-11-17,103.0
7344,2021-12-17,103.0
7345,2021-09-22,104.0
7346,2021-10-22,104.0
7347,2021-11-22,104.0
7348,2021-12-22,104.0
7349,2021-01-17,105.0
7350,2021-02-17,105.0
7351,2021-03-17,105.0
7352,2021-04-17,105.0
7353,2021-05-17,105.0
7354,2021-06-17,105.0
7355,2021-07-17,105.0
7356,2021-08-17,105.0
7357,2021-09-17,105.0
7358,2021-10-17,105.0
7359,2021-11-17,105.0
7360,2020-08-08,106.0
7361,2020-09-08,106.0
7362,2020-10-08,106.0
7363,2020-11-08,106.0
7364,2020-12-08,106.0
7365,2021-01-08,106.0
7366,2021-02-08,106.0
7367,2021-03-08,106.0
7368,2021-04-08,106.0
7369,2021-05-08,106.0
7370,2021-06-08,106.0
7371,2021-07-08,106.0
7372,2021-08-08,106.0
7373,2021-09-08,106.0
7374,2021-10-08,106.0
7375,2021-11-08,106.0
7376,2021-12-08,106.0
7377,2021-06-15,107.0
7378,2021-07-15,107.0
7379,2021-08-15,107.0
7380,2021-09-15,107.0
7381,2021-10-15,107.0
7382,2021-11-15,107.0
7383,2021-12-15,107.0
7384,2021-11-10,108.0
7385,2021-02-22,109.0
7386,2021-03-22,109.0
7387,2021-04-22,109.0
7388,2021-05-22,109.0
7389,2021-06-22,109.0
7390,2021-07-22,109.0
7391,2021-08-22,109.0
7392,2021-09-22,109.0
7393,2021-10-22,109.0
7394,2021-11-22,109.0
7395,2020-07-21,110.0
7396,2020-08-21,110.0
7397,2020-09-21,110.0
7398,2020-10-21,110.0
7399,2020-11-21,110.0
7400,2020-12-21,110.0
7401,2021-01-21,110.0
7402,2021-02-21,110.0
7403,2021-03-21,110.0
7404,2021-04-21,110.0
7405,2021-05-21,110.0
7406,2021-06-21,110.0
7407,2021-07-21,110.0
7408,2021-08-21,110.0
7409,2021-09-21,110.0
7410,2021-10-21,110.0
7411,2021-11-21,110.0
7412,2021-12-21,110.0
7413,2021-03-13,111.0
7414,2021-04-13,111.0
7415,2021-05-13,111.0
7416,2021-06-13,111.0
7417,2021-07-13,111.0
7418,2021-08-13,111.0
7419,2020-11-07,112.0
7420,2020-08-07,113.0
7421,2020-09-07,113.0
7422,2020-10-07,113.0
7423,2020-11-07,113.0
7424,2020-12-07,113.0
7425,2021-01-07,113.0
7426,2021-02-07,113.0
7427,2021-03-07,113.0
7428,2021-04-07,113.0
7429,2021-05-07,113.0
7430,2021-07-21,114.0
7431,2021-08-21,114.0
7432,2021-09-21,114.0
7433,2020-06-21,115.0
7434,2020-07-21,115.0
7435,2020-08-21,115.0
7436,2020-09-21,115.0
7437,2020-10-21,115.0
7438,2020-11-21,115.0
7439,2020-12-21,115.0
7440,2021-01-21,115.0
7441,2021-02-21,115.0
7442,2021-03-21,115.0
7443,2021-04-21,115.0
7444,2021-05-21,115.0
7445,2021-06-21,115.0
7446,2021-07-21,115.0
7447,2021-08-21,115.0
7448,2021-09-21,115.0
7449,2021-10-21,115.0
7450,2021-11-21,115.0
7451,2021-12-21,115.0
7452,2020-10-17,116.0
7453,2020-11-17,116.0
7454,2020-12-17,116.0
7455,2021-01-17,116.0
7456,2021-02-17,116.0
7457,2021-03-17,116.0
7458,2021-04-17,116.0
7459,2021-05-17,116.0
7460,2021-06-17,116.0
7461,2021-07-17,116.0
7462,2021-08-17,116.0
7463,2021-09-17,116.0
7464,2021-10-17,116.0
7465,2021-11-17,116.0
7466,2021-12-17,116.0
7467,2021-02-27,117.0
7468,2021-03-27,117.0
7469,2021-04-27,117.0
7470,2021-05-27,117.0
7471,2021-06-27,117.0
7472,2021-07-27,117.0
7473,2021-08-27,117.0
7474,2021-09-27,117.0
7475,2021-10-27,117.0
7476,2021-11-27,117.0
7477,2021-12-27,117.0
7478,2020-07-08,118.0
7479,2020-08-08,118.0
7480,2020-09-08,118.0
7481,2020-10-08,118.0
7482,2020-11-08,118.0
7483,2020-12-08,118.0
7484,2021-08-06,119.0
7485,2021-09-06,119.0
7486,2021-10-06,119.0
7487,2021-11-06,119.0
7488,2021-12-06,119.0
7489,2020-07-28,120.0
7490,2020-08-28,120.0
7491,2020-09-28,120.0
7492,2020-10-28,120.0
7493,2020-11-28,120.0
7494,2020-12-28,120.0
7495,2021-01-28,120.0
7496,2021-02-28,120.0
7497,2021-03-28,120.0
7498,2021-04-28,120.0
7499,2021-05-28,120.0
7500,2021-06-28,120.0
7501,2021-07-28,120.0
7502,2021-08-28,120.0
7503,2021-09-28,120.0
7504,2021-10-28,120.0
7505,2021-11-28,120.0
7506,2021-12-28,120.0
7507,2020-12-13,121.0
7508,2021-01-13,121.0
7509,2021-02-13,121.0
7510,2021-03-13,121.0
7511,2021-04-13,121.0
7512,2021-05-13,121.0
7513,2021-06-13,121.0
7514,2021-07-13,121.0
7515,2021-08-13,121.0
7516,2021-09-13,121.0
7517,2021-10-13,121.0
7518,2021-11-13,121.0
7519,2021-12-13,121.0
7520,2021-04-16,122.0
7521,2021-05-16,122.0
7522,2021-06-16,122.0
7523,2021-07-16,122.0
7524,2021-08-16,122.0
7525,2021-09-16,122.0
7526,2021-10-16,122.0
7527,2021-11-16,122.0
7528,2021-12-16,122.0
7529,2021-01-21,123.0
7530,2021-02-21,123.0
7531,2021-03-21,123.0
7532,2021-04-21,123.0
7533,2021-05-21,123.0
7534,2021-06-21,123.0
7535,2021-07-21,123.0
7536,2021-08-21,123.0
7537,2021-09-21,123.0
7538,2021-10-21,123.0
7539,2021-11-21,123.0
7540,2021-12-21,123.0
7541,2020-06-11,124.0
7542,2020-07-11,124.0
7543,2020-08-11,124.0
7544,2020-09-11,124.0
7545,2020-10-11,124.0
7546,2020-11-11,124.0
7547,2020-12-11,124.0
7548,2021-01-11,124.0
7549,2021-02-11,124.0
7550,2021-03-11,124.0
7551,2021-04-11,124.0
7552,2021-05-11,124.0
7553,2021-06-11,124.0
7554,2021-07-11,124.0
7555,2021-08-11,124.0
7556,2021-09-11,124.0
7557,2021-10-11,124.0
7558,2021-11-11,124.0
7559,2021-12-11,124.0
7560,2020-11-03,125.0
7561,2020-12-03,125.0
7562,2021-01-03,125.0
7563,2021-02-03,125.0
7564,2021-03-03,125.0
7565,2021-04-03,125.0
7566,2021-05-03,125.0
7567,2021-06-03,125.0
7568,2021-07-03,125.0
7569,2021-08-03,125.0
7570,2021-09-03,125.0
7571,2021-10-03,125.0
7572,2021-11-03,125.0
7573,2021-12-03,125.0
7574,2021-04-08,126.0
7575,2021-05-08,126.0
7576,2021-06-08,126.0
7577,2021-07-08,126.0
7578,2021-08-08,126.0
7579,2021-09-08,126.0
7580,2021-10-08,126.0
7581,2021-11-08,126.0
7582,2021-12-08,126.0
7583,2021-07-09,127.0
7584,2021-08-09,127.0
7585,2021-09-09,127.0
7586,2021-10-09,127.0
7587,2021-11-09,127.0
7588,2021-12-09,127.0
7589,2021-02-27,128.0
7590,2021-03-27,128.0
7591,2021-04-27,128.0
7592,2021-05-27,128.0
7593,2021-06-27,128.0
7594,2021-07-27,128.0
7595,2021-08-27,128.0
7596,2021-09-27,128.0
7597,2021-10-27,128.0
7598,2021-11-27,128.0
7599,2021-12-27,128.0
7600,2021-08-24,129.0
7601,2021-09-24,129.0
7602,2021-10-24,129.0
7603,2021-11-24,129.0
7604,2021-12-24,129.0
7605,2021-04-01,130.0
7606,2021-05-01,130.0
7607,2021-06-01,130.0
7608,2021-07-01,130.0
7609,2021-08-01,130.0
7610,2021-09-01,130.0
7611,2021-10-01,130.0
7612,2021-11-01,130.0
7613,2021-12-01,130.0
7614,2021-05-19,131.0
7615,2021-06-19,131.0
7616,2021-07-19,131.0
7617,2021-08-19,131.0
7618,2021-09-19,131.0
7619,2021-10-19,131.0
7620,2021-11-19,131.0
7621,2021-09-26,132.0
7622,2021-10-26,132.0
7623,2021-11-26,132.0
7624,2021-12-26,132.0
7625,2021-03-05,133.0
7626,2021-04-05,133.0
7627,2021-05-05,133.0
7628,2021-06-05,133.0
7629,2021-07-05,133.0
7630,2021-08-05,133.0
7631,2021-09-05,133.0
7632,2021-10-05,133.0
7633,2021-11-05,133.0
7634,2021-12-05,133.0
7635,2021-05-01,134.0
7636,2021-06-01,134.0
7637,2021-07-01,134.0
7638,2021-08-01,134.0
7639,2021-09-01,134.0
7640,2021-10-01,134.0
7641,2021-11-01,134.0
7642,2021-12-01,134.0
7643,2020-10-22,135.0
7644,2020-11-22,135.0
7645,2020-12-22,135.0
7646,2021-01-22,135.0
7647,2021-02-22,135.0
7648,2021-03-22,135.0
7649,2021-04-22,135.0
7650,2021-05-22,135.0
7651,2021-06-22,135.0
7652,2021-07-22,135.0
7653,2021-08-22,135.0
7654,2021-09-22,135.0
7655,2021-10-22,135.0
7656,2021-11-22,135.0
7657,2021-12-22,135.0
7658,2021-02-10,136.0
7659,2021-03-10,136.0
7660,2021-04-10,136.0
7661,2021-05-10,136.0
7662,2021-06-10,136.0
7663,2021-07-10,136.0
7664,2021-08-10,136.0
7665,2021-09-10,136.0
7666,2021-10-10,136.0
7667,2021-11-10,136.0
7668,2021-12-10,136.0
7669,2021-08-20,137.0
7670,2021-09-20,137.0
7671,2021-10-20,137.0
7672,2021-11-20,137.0
7673,2021-12-20,137.0
7674,2020-12-16,138.0
7675,2021-01-16,138.0
7676,2021-02-16,138.0
7677,2021-03-16,138.0
7678,2021-04-16,138.0
7679,2021-05-16,138.0
7680,2021-06-16,138.0
7681,2021-07-16,138.0
7682,2021-08-16,138.0
7683,2021-09-16,138.0
7684,2021-10-16,138.0
7685,2021-11-16,138.0
7686,2021-12-16,138.0
7687,2020-06-13,139.0
7688,2020-07-13,139.0
7689,2020-08-13,139.0
7690,2020-09-13,139.0
7691,2020-10-13,139.0
7692,2020-11-13,139.0
7693,2020-12-13,139.0
7694,2021-01-13,139.0
7695,2021-02-13,139.0
7696,2021-03-13,139.0
7697,2021-04-13,139.0
7698,2021-05-13,139.0
7699,2021-06-13,139.0
7700,2021-07-13,139.0
7701,2021-08-13,139.0
7702,2021-09-13,139.0
7703,2021-08-18,140.0
7704,2021-09-18,140.0
7705,2021-10-18,140.0
7706,2021-11-18,140.0
7707,2021-12-18,140.0
7708,2020-07-24,141.0
7709,2020-08-24,141.0
7710,2020-09-24,141.0
7711,2020-10-24,141.0
7712,2020-11-24,141.0
7713,2020-12-24,141.0
7714,2021-01-24,141.0
7715,2021-02-24,141.0
7716,2021-03-24,141.0
7717,2021-04-24,141.0
7718,2021-05-24,141.0
7719,2021-06-24,141.0
7720,2021-07-24,141.0
7721,2021-08-24,141.0
7722,2021-09-24,141.0
7723,2021-10-24,141.0
7724,2021-11-24,141.0
7725,2021-12-24,141.0
7726,2020-05-30,142.0
7727,2020-06-30,142.0
7728,2020-07-30,142.0
7729,2020-08-30,142.0
7730,2020-09-30,142.0
7731,2020-10-30,142.0
7732,2020-11-30,142.0
7733,2020-12-30,142.0
7734,2021-01-30,142.0
7735,2021-07-03,143.0
7736,2021-08-03,143.0
7737,2021-09-03,143.0
7738,2021-10-03,143.0
7739,2021-11-03,143.0
7740,2021-12-03,143.0
7741,2020-06-04,144.0
7742,2020-07-04,144.0
7743,2020-08-04,144.0
7744,2020-09-04,144.0
7745,2020-10-04,144.0
7746,2020-11-04,144.0
7747,2020-12-04,144.0
7748,2021-01-04,144.0
7749,2021-02-04,144.0
7750,2021-03-04,144.0
7751,2021-04-04,144.0
7752,2021-05-04,144.0
7753,2021-06-04,144.0
7754,2021-07-04,144.0
7755,2021-08-04,144.0
7756,2021-09-04,144.0
7757,2021-10-04,144.0
7758,2021-11-04,144.0
7759,2021-12-04,144.0
7760,2021-01-23,145.0
7761,2021-02-23,145.0
7762,2021-03-23,145.0
7763,2021-04-23,145.0
7764,2021-05-23,145.0
7765,2021-06-23,145.0
7766,2021-07-23,145.0
7767,2021-08-23,145.0
7768,2021-09-23,145.0
7769,2021-10-23,145.0
7770,2021-11-23,145.0
7771,2021-12-23,145.0
7772,2020-10-04,146.0
7773,2020-11-04,146.0
7774,2020-12-04,146.0
7775,2021-01-04,146.0
7776,2021-02-04,146.0
7777,2021-03-04,146.0
7778,2021-04-04,146.0
7779,2021-05-04,146.0
7780,2021-06-04,146.0
7781,2021-07-04,146.0
7782,2021-08-04,146.0
7783,2021-09-04,146.0
7784,2021-10-04,146.0
7785,2021-11-04,146.0
7786,2021-12-04,146.0
7787,2021-07-21,147.0
7788,2021-08-21,147.0
7789,2021-09-21,147.0
7790,2021-10-21,147.0
7791,2020-07-20,148.0
7792,2020-08-20,148.0
7793,2020-09-20,148.0
7794,2020-10-20,148.0
7795,2020-11-20,148.0
7796,2020-12-20,148.0
7797,2021-12-10,149.0
7798,2021-01-24,150.0
7799,2021-02-24,150.0
7800,2021-03-24,150.0
7801,2021-04-24,150.0
7802,2021-05-24,150.0
7803,2021-06-24,150.0
7804,2021-07-24,150.0
7805,2021-08-24,150.0
7806,2021-09-24,150.0
7807,2021-10-24,150.0
7808,2021-11-24,150.0
7809,2021-12-24,150.0
7810,2021-01-29,151.0
7811,2021-02-28,151.0
7812,2021-03-28,151.0
7813,2021-04-28,151.0
7814,2021-05-28,151.0
7815,2021-06-28,151.0
7816,2021-07-28,151.0
7817,2021-08-28,151.0
7818,2021-09-28,151.0
7819,2021-10-28,151.0
7820,2021-11-28,151.0
7821,2021-12-28,151.0
7822,2021-04-14,152.0
7823,2021-05-14,152.0
7824,2021-06-14,152.0
7825,2021-07-14,152.0
7826,2021-08-14,152.0
7827,2021-09-14,152.0
7828,2021-10-14,152.0
7829,2021-01-17,153.0
7830,2021-02-17,153.0
7831,2021-03-17,153.0
7832,2021-04-17,153.0
7833,2021-05-17,153.0
7834,2021-06-17,153.0
7835,2021-07-17,153.0
7836,2021-08-17,153.0
7837,2021-09-17,153.0
7838,2021-10-17,153.0
7839,2021-11-17,153.0
7840,2021-12-17,153.0
7841,2020-08-25,154.0
7842,2020-09-25,154.0
7843,2020-10-25,154.0
7844,2020-11-25,154.0
7845,2020-12-25,154.0
7846,2021-01-25,154.0
7847,2021-02-25,154.0
7848,2021-03-25,154.0
7849,2021-04-25,154.0
7850,2021-05-25,154.0
7851,2021-06-25,154.0
7852,2021-07-25,154.0
7853,2021-08-25,154.0
7854,2021-09-25,154.0
7855,2021-10-25,154.0
7856,2021-11-25,154.0
7857,2021-12-25,154.0
7858,2020-05-14,155.0
7859,2020-06-14,155.0
7860,2020-07-14,155.0
7861,2020-08-14,155.0
7862,2020-06-14,156.0
7863,2020-07-14,156.0
7864,2020-08-14,156.0
7865,2020-09-14,156.0
7866,2020-10-14,156.0
7867,2020-11-14,156.0
7868,2020-12-14,156.0
7869,2021-01-14,156.0
7870,2021-02-14,156.0
7871,2021-03-14,156.0
7872,2021-04-14,156.0
7873,2021-05-14,156.0
7874,2021-06-14,156.0
7875,2021-07-14,156.0
7876,2021-08-14,156.0
7877,2021-09-14,156.0
7878,2021-10-14,156.0
7879,2021-11-14,156.0
7880,2021-12-14,156.0
7881,2021-01-09,157.0
7882,2021-02-09,157.0
7883,2021-03-09,157.0
7884,2021-04-09,157.0
7885,2021-05-09,157.0
7886,2021-06-09,157.0
7887,2021-07-09,157.0
7888,2021-08-09,157.0
7889,2021-09-09,157.0
7890,2021-10-09,157.0
7891,2021-11-09,157.0
7892,2021-12-09,157.0
7893,2021-05-17,158.0
7894,2021-06-17,158.0
7895,2021-07-17,158.0
7896,2021-08-17,158.0
7897,2021-09-17,158.0
7898,2021-10-17,158.0
7899,2021-11-17,158.0
7900,2021-12-17,158.0
7901,2021-07-02,159.0
7902,2021-08-02,159.0
7903,2021-09-02,159.0
7904,2021-10-02,159.0
7905,2021-11-02,159.0
7906,2021-12-02,159.0
7907,2020-05-05,160.0
7908,2020-06-05,160.0
7909,2020-07-05,160.0
7910,2020-08-05,160.0
7911,2020-09-05,160.0
7912,2020-10-05,160.0
7913,2020-11-05,160.0
7914,2020-12-05,160.0
7915,2021-01-05,160.0
7916,2021-02-05,160.0
7917,2021-03-05,160.0
7918,2021-04-05,160.0
7919,2021-05-05,160.0
7920,2021-06-05,160.0
7921,2021-07-05,160.0
7922,2021-08-05,160.0
7923,2021-09-05,160.0
7924,2021-10-05,160.0
7925,2021-11-05,160.0
7926,2021-12-05,160.0
7927,2021-08-09,161.0
7928,2021-09-09,161.0
7929,2021-10-09,161.0
7930,2021-11-09,161.0
7931,2021-12-09,161.0
7932,2020-05-05,162.0
7933,2020-06-05,162.0
7934,2020-07-05,162.0
7935,2021-05-12,163.0
7936,2021-06-12,163.0
7937,2021-07-12,163.0
7938,2021-08-12,163.0
7939,2021-09-12,163.0
7940,2021-10-12,163.0
7941,2021-11-19,164.0
7942,2021-12-19,164.0
7943,2021-06-26,165.0
7944,2021-07-26,165.0
7945,2021-08-26,165.0
7946,2021-09-26,165.0
7947,2020-11-08,166.0
7948,2020-12-08,166.0
7949,2021-01-08,166.0
7950,2021-02-08,166.0
7951,2021-03-08,166.0
7952,2021-04-08,166.0
7953,2021-05-08,166.0
7954,2021-06-08,166.0
7955,2021-07-08,166.0
7956,2021-08-08,166.0
7957,2021-09-08,166.0
7958,2021-10-08,166.0
7959,2021-11-08,166.0
7960,2021-12-08,166.0
7961,2020-10-21,167.0
7962,2020-11-21,167.0
7963,2020-12-21,167.0
7964,2021-01-21,167.0
7965,2021-02-21,167.0
7966,2021-03-21,167.0
7967,2021-04-21,167.0
7968,2021-05-21,167.0
7969,2021-06-21,167.0
7970,2021-07-21,167.0
7971,2021-08-21,167.0
7972,2021-09-21,167.0
7973,2021-10-21,167.0
7974,2021-11-21,167.0
7975,2021-12-21,167.0
7976,2021-02-12,168.0
7977,2021-03-12,168.0
7978,2021-04-12,168.0
7979,2021-05-12,168.0
7980,2021-06-12,168.0
7981,2021-07-12,168.0
7982,2021-08-12,168.0
7983,2021-09-12,168.0
7984,2021-10-12,168.0
7985,2021-11-12,168.0
7986,2021-12-12,168.0
7987,2021-08-12,169.0
7988,2021-09-12,169.0
7989,2021-10-12,169.0
7990,2021-11-12,169.0
7991,2021-12-12,169.0
7992,2020-06-02,170.0
7993,2020-07-02,170.0
7994,2020-08-02,170.0
7995,2020-09-02,170.0
7996,2020-10-02,170.0
7997,2020-11-02,170.0
7998,2020-12-02,170.0
7999,2021-01-02,170.0
8000,2021-02-02,170.0
8001,2021-03-02,170.0
8002,2021-04-02,170.0
8003,2021-05-02,170.0
8004,2021-06-02,170.0
8005,2021-07-02,170.0
8006,2021-08-02,170.0
8007,2021-09-02,170.0
8008,2021-10-02,170.0
8009,2021-11-02,170.0
8010,2021-12-02,170.0
8011,2021-11-19,171.0
8012,2021-12-19,171.0
8013,2021-04-22,172.0
8014,2021-05-22,172.0
8015,2021-06-22,172.0
8016,2021-07-22,172.0
8017,2021-08-22,172.0
8018,2021-09-22,172.0
8019,2021-10-22,172.0
8020,2021-11-22,172.0
8021,2021-12-22,172.0
8022,2020-11-20,173.0
8023,2020-12-20,173.0
8024,2021-01-20,173.0
8025,2021-02-20,173.0
8026,2021-03-20,173.0
8027,2021-04-20,173.0
8028,2021-05-20,173.0
8029,2021-06-20,173.0
8030,2021-07-20,173.0
8031,2021-08-20,173.0
8032,2021-09-20,173.0
8033,2021-10-20,173.0
8034,2021-11-20,173.0
8035,2021-12-20,173.0
8036,2020-08-12,174.0
8037,2020-09-12,174.0
8038,2020-10-12,174.0
8039,2020-11-12,174.0
8040,2020-12-12,174.0
8041,2021-01-12,174.0
8042,2021-02-12,174.0
8043,2021-03-12,174.0
8044,2021-04-12,174.0
8045,2021-05-12,174.0
8046,2021-06-12,174.0
8047,2021-07-12,174.0
8048,2021-08-12,174.0
8049,2021-09-12,174.0
8050,2021-10-12,174.0
8051,2021-11-12,174.0
8052,2021-12-12,174.0
8053,2021-08-04,175.0
8054,2021-09-04,175.0
8055,2021-10-04,175.0
8056,2021-11-04,175.0
8057,2021-12-04,175.0
8058,2020-08-06,176.0
8059,2020-09-06,176.0
8060,2020-10-06,176.0
8061,2020-11-06,176.0
8062,2020-12-06,176.0
8063,2021-01-06,176.0
8064,2021-02-06,176.0
8065,2021-03-06,176.0
8066,2021-04-06,176.0
8067,2021-05-06,176.0
8068,2021-06-06,176.0
8069,2021-07-06,176.0
8070,2021-08-06,176.0
8071,2021-09-06,176.0
8072,2021-10-06,176.0
8073,2021-11-06,176.0
8074,2021-12-06,176.0
8075,2021-07-09,177.0
8076,2021-08-09,177.0
8077,2021-03-28,178.0
8078,2021-04-28,178.0
8079,2021-05-28,178.0
8080,2021-06-28,178.0
8081,2021-07-28,178.0
8082,2021-08-28,178.0
8083,2021-09-28,178.0
8084,2021-10-28,178.0
8085,2020-12-04,179.0
8086,2021-01-04,179.0
8087,2021-02-04,179.0
8088,2021-03-04,179.0
8089,2021-04-04,179.0
8090,2021-05-04,179.0
8091,2021-06-04,179.0
8092,2020-05-28,180.0
8093,2020-06-28,180.0
8094,2020-07-28,180.0
8095,2020-08-28,180.0
8096,2020-09-28,180.0
8097,2020-10-28,180.0
8098,2020-11-28,180.0
8099,2020-12-28,180.0
8100,2021-01-28,180.0
8101,2021-02-28,180.0
8102,2021-03-28,180.0
8103,2021-04-28,180.0
8104,2021-05-28,180.0
8105,2021-06-28,180.0
8106,2021-07-28,180.0
8107,2021-08-28,180.0
8108,2021-09-28,180.0
8109,2021-10-28,180.0
8110,2021-11-28,180.0
8111,2021-12-28,180.0
8112,2021-09-10,181.0
8113,2021-10-10,181.0
8114,2021-11-10,181.0
8115,2021-12-10,181.0
8116,2021-01-25,182.0
8117,2021-02-25,182.0
8118,2021-03-25,182.0
8119,2021-04-25,182.0
8120,2021-05-25,182.0
8121,2021-06-25,182.0
8122,2021-07-25,182.0
8123,2021-08-25,182.0
8124,2021-09-25,182.0
8125,2021-10-25,182.0
8126,2021-11-25,182.0
8127,2021-12-25,182.0
8128,2020-07-20,183.0
8129,2020-08-20,183.0
8130,2020-09-20,183.0
8131,2020-10-20,183.0
8132,2020-11-20,183.0
8133,2020-12-20,183.0
8134,2021-01-20,183.0
8135,2021-05-25,184.0
8136,2021-06-25,184.0
8137,2021-07-25,184.0
8138,2021-01-09,185.0
8139,2021-02-09,185.0
8140,2021-03-09,185.0
8141,2021-04-09,185.0
8142,2021-05-09,185.0
8143,2021-06-09,185.0
8144,2021-07-09,185.0
8145,2021-08-09,185.0
8146,2021-09-09,185.0
8147,2021-10-09,185.0
8148,2021-11-09,185.0
8149,2020-11-07,186.0
8150,2020-12-07,186.0
8151,2021-01-07,186.0
8152,2021-02-07,186.0
8153,2021-03-07,186.0
8154,2021-04-07,186.0
8155,2021-05-07,186.0
8156,2021-06-07,186.0
8157,2021-07-07,186.0
8158,2021-08-07,186.0
8159,2021-09-07,186.0
8160,2021-10-07,186.0
8161,2021-11-07,186.0
8162,2021-12-07,186.0
8163,2020-09-24,187.0
8164,2020-10-24,187.0
8165,2020-11-24,187.0
8166,2020-12-24,187.0
8167,2021-01-24,187.0
8168,2021-02-24,187.0
8169,2021-03-24,187.0
8170,2021-04-24,187.0
8171,2021-05-24,187.0
8172,2021-06-24,187.0
8173,2021-07-24,187.0
8174,2021-08-24,187.0
8175,2021-09-24,187.0
8176,2021-10-24,187.0
8177,2021-11-24,187.0
8178,2021-12-24,187.0
8179,2020-10-11,188.0
8180,2020-11-11,188.0
8181,2020-12-11,188.0
8182,2021-01-11,188.0
8183,2021-02-11,188.0
8184,2021-03-11,188.0
8185,2021-04-11,188.0
8186,2021-05-11,188.0
8187,2021-06-11,188.0
8188,2021-07-11,188.0
8189,2021-08-11,188.0
8190,2021-09-11,188.0
8191,2021-10-11,188.0
8192,2021-11-11,188.0
8193,2021-12-11,188.0
8194,2021-07-13,189.0
8195,2021-08-13,189.0
8196,2021-09-13,189.0
8197,2021-10-13,189.0
8198,2021-11-13,189.0
8199,2021-12-13,189.0
8200,2021-03-10,190.0
8201,2021-04-10,190.0
8202,2021-05-10,190.0
8203,2021-06-10,190.0
8204,2021-07-10,190.0
8205,2021-08-10,190.0
8206,2021-09-10,190.0
8207,2021-10-10,190.0
8208,2021-11-10,190.0
8209,2021-12-10,190.0
8210,2021-05-30,191.0
8211,2021-06-30,191.0
8212,2021-07-30,191.0
8213,2021-08-30,191.0
8214,2021-09-30,191.0
8215,2021-10-30,191.0
8216,2021-11-30,191.0
8217,2021-12-30,191.0
8218,2020-07-07,192.0
8219,2020-08-07,192.0
8220,2020-09-07,192.0
8221,2020-10-07,192.0
8222,2020-11-07,192.0
8223,2020-12-07,192.0
8224,2021-01-07,192.0
8225,2021-02-07,192.0
8226,2021-03-07,192.0
8227,2021-04-07,192.0
8228,2021-05-07,192.0
8229,2021-06-07,192.0
8230,2021-07-07,192.0
8231,2021-08-07,192.0
8232,2021-09-07,192.0
8233,2021-10-07,192.0
8234,2021-11-07,192.0
8235,2021-12-07,192.0
8236,2021-04-06,193.0
8237,2021-05-06,193.0
8238,2021-06-06,193.0
8239,2021-07-06,193.0
8240,2021-08-06,193.0
8241,2021-09-06,193.0
8242,2021-10-06,193.0
8243,2021-11-06,193.0
8244,2021-12-06,193.0
8245,2021-01-07,194.0
8246,2021-02-07,194.0
8247,2021-03-07,194.0
8248,2021-04-07,194.0
8249,2021-05-07,194.0
8250,2021-06-07,194.0
8251,2021-07-07,194.0
8252,2021-08-07,194.0
8253,2021-09-07,194.0
8254,2021-10-07,194.0
8255,2021-11-07,194.0
8256,2021-12-07,194.0
8257,2020-05-20,195.0
8258,2020-06-20,195.0
8259,2020-07-20,195.0
8260,2020-08-20,195.0
8261,2020-09-20,195.0
8262,2020-10-20,195.0
8263,2020-11-20,195.0
8264,2020-12-20,195.0
8265,2021-01-20,195.0
8266,2021-02-20,195.0
8267,2021-03-20,195.0
8268,2021-04-20,195.0
8269,2021-05-20,195.0
8270,2021-06-20,195.0
8271,2021-06-25,196.0
8272,2021-07-25,196.0
8273,2021-08-25,196.0
8274,2021-09-25,196.0
8275,2021-10-25,196.0
8276,2021-11-25,196.0
8277,2021-12-25,196.0
8278,2021-09-27,197.0
8279,2021-10-27,197.0
8280,2021-11-27,197.0
8281,2021-12-27,197.0
8282,2021-09-12,198.0
8283,2021-10-12,198.0
8284,2021-11-12,198.0
8285,2020-11-18,199.0
8286,2020-12-18,199.0
8287,2021-01-18,199.0
8288,2021-02-18,199.0
8289,2021-03-18,199.0
8290,2021-04-18,199.0
8291,2021-05-18,199.0
8292,2021-06-18,199.0
8293,2021-07-18,199.0
8294,2021-08-18,199.0
8295,2021-09-18,199.0
8296,2021-10-18,199.0
8297,2021-11-18,199.0
8298,2021-12-18,199.0
8299,2020-08-01,200.0
8300,2020-09-01,200.0
8301,2020-10-01,200.0
8302,2020-11-01,200.0
8303,2020-12-01,200.0
8304,2021-01-01,200.0
8305,2021-02-01,200.0
8306,2021-03-01,200.0
8307,2021-04-01,200.0
8308,2021-05-01,200.0
8309,2021-06-01,200.0
8310,2021-07-01,200.0
8311,2021-08-01,200.0
8312,2021-09-01,200.0
8313,2021-10-01,200.0
8314,2021-11-01,200.0
8315,2021-12-01,200.0
8316,2020-12-01,201.0
8317,2021-01-01,201.0
8318,2021-02-01,201.0
8319,2021-03-01,201.0
8320,2021-04-01,201.0
8321,2021-05-01,201.0
8322,2021-06-01,201.0
8323,2021-07-01,201.0
8324,2021-08-01,201.0
8325,2021-09-01,201.0
8326,2021-10-01,201.0
8327,2021-11-01,201.0
8328,2021-12-01,201.0
8329,2021-06-25,202.0
8330,2021-07-25,202.0
8331,2021-08-25,202.0
8332,2021-09-25,202.0
8333,2021-10-25,202.0
8334,2021-11-25,202.0
8335,2021-12-25,202.0
8336,2020-12-31,203.0
8337,2021-01-31,203.0
8338,2021-02-28,203.0
8339,2021-03-28,203.0
8340,2021-04-28,203.0
8341,2021-05-28,203.0
8342,2021-06-28,203.0
8343,2021-07-28,203.0
8344,2021-08-28,203.0
8345,2021-09-28,203.0
8346,2021-10-28,203.0
8347,2021-11-28,203.0
8348,2021-11-05,204.0
8349,2021-12-05,204.0
8350,2021-05-29,205.0
8351,2021-06-29,205.0
8352,2021-07-29,205.0
8353,2021-08-29,205.0
8354,2021-09-29,205.0
8355,2021-10-29,205.0
8356,2021-11-29,205.0
8357,2021-12-29,205.0
8358,2020-06-13,206.0
8359,2020-07-13,206.0
8360,2020-08-13,206.0
8361,2020-09-13,206.0
8362,2020-10-13,206.0
8363,2020-11-13,206.0
8364,2020-12-13,206.0
8365,2021-01-13,206.0
8366,2021-02-13,206.0
8367,2021-03-13,206.0
8368,2021-04-13,206.0
8369,2021-05-13,206.0
8370,2021-06-13,206.0
8371,2021-07-13,206.0
8372,2021-08-13,206.0
8373,2021-09-13,206.0
8374,2021-10-13,206.0
8375,2021-11-13,206.0
8376,2021-12-13,206.0
8377,2021-11-27,207.0
8378,2021-12-27,207.0
8379,2020-09-21,208.0
8380,2020-10-21,208.0
8381,2020-11-21,208.0
8382,2020-12-21,208.0
8383,2021-01-21,208.0
8384,2021-02-21,208.0
8385,2021-03-21,208.0
8386,2021-04-21,208.0
8387,2021-05-21,208.0
8388,2021-06-21,208.0
8389,2021-07-21,208.0
8390,2021-08-21,208.0
8391,2021-09-21,208.0
8392,2021-10-21,208.0
8393,2021-11-21,208.0
8394,2021-12-21,208.0
8395,2021-04-23,209.0
8396,2021-05-23,209.0
8397,2021-06-23,209.0
8398,2021-07-23,209.0
8399,2021-08-23,209.0
8400,2021-09-23,209.0
8401,2021-10-23,209.0
8402,2021-11-23,209.0
8403,2021-11-10,210.0
8404,2021-12-10,210.0
8405,2021-09-29,211.0
8406,2021-10-29,211.0
8407,2021-11-29,211.0
8408,2021-12-29,211.0
8409,2021-11-14,212.0
8410,2021-12-14,212.0
8411,2021-11-22,213.0
8412,2020-07-07,214.0
8413,2020-08-07,214.0
8414,2020-09-07,214.0
8415,2020-10-07,214.0
8416,2020-11-07,214.0
8417,2020-12-07,214.0
8418,2021-01-07,214.0
8419,2021-02-07,214.0
8420,2021-03-07,214.0
8421,2021-04-07,214.0
8422,2021-05-07,214.0
8423,2021-06-07,214.0
8424,2021-07-07,214.0
8425,2021-08-07,214.0
8426,2021-09-07,214.0
8427,2021-10-07,214.0
8428,2021-11-07,214.0
8429,2021-12-07,214.0
8430,2021-04-12,215.0
8431,2021-05-12,215.0
8432,2021-06-12,215.0
8433,2021-07-12,215.0
8434,2021-08-12,215.0
8435,2021-09-12,215.0
8436,2021-10-12,215.0
8437,2021-11-12,215.0
8438,2021-12-12,215.0
8439,2020-06-09,216.0
8440,2020-07-09,216.0
8441,2020-08-09,216.0
8442,2020-09-09,216.0
8443,2020-10-09,216.0
8444,2020-11-09,216.0
8445,2020-12-09,216.0
8446,2021-01-09,216.0
8447,2021-02-09,216.0
8448,2021-03-09,216.0
8449,2021-04-09,216.0
8450,2021-05-09,216.0
8451,2021-06-09,216.0
8452,2021-07-09,216.0
8453,2021-08-09,216.0
8454,2021-09-09,216.0
8455,2021-10-09,216.0
8456,2021-11-09,216.0
8457,2021-12-09,216.0
8458,2020-08-01,217.0
8459,2020-09-01,217.0
8460,2020-10-01,217.0
8461,2020-11-01,217.0
8462,2020-12-01,217.0
8463,2021-01-01,217.0
8464,2021-02-01,217.0
8465,2021-03-01,217.0
8466,2021-04-01,217.0
8467,2021-05-01,217.0
8468,2021-06-01,217.0
8469,2021-07-01,217.0
8470,2021-08-01,217.0
8471,2021-09-01,217.0
8472,2021-10-01,217.0
8473,2021-11-01,217.0
8474,2021-12-01,217.0
8475,2021-12-07,218.0
8476,2020-05-27,219.0
8477,2020-06-27,219.0
8478,2020-07-27,219.0
8479,2020-08-27,219.0
8480,2020-09-27,219.0
8481,2020-10-27,219.0
8482,2020-11-27,219.0
8483,2020-12-27,219.0
8484,2021-01-27,219.0
8485,2021-02-27,219.0
8486,2021-03-27,219.0
8487,2021-04-27,219.0
8488,2021-05-27,219.0
8489,2021-06-27,219.0
8490,2021-07-27,219.0
8491,2021-08-27,219.0
8492,2021-09-27,219.0
8493,2021-10-27,219.0
8494,2021-11-27,219.0
8495,2021-12-27,219.0
8496,2021-02-10,220.0
8497,2021-03-10,220.0
8498,2021-04-10,220.0
8499,2021-05-10,220.0
8500,2021-06-10,220.0
8501,2021-07-10,220.0
8502,2021-08-10,220.0
8503,2021-09-10,220.0
8504,2021-10-10,220.0
8505,2021-11-10,220.0
8506,2021-12-10,220.0
8507,2020-06-09,221.0
8508,2020-07-09,221.0
8509,2020-08-09,221.0
8510,2020-09-09,221.0
8511,2020-10-09,221.0
8512,2021-12-14,222.0
8513,2021-07-05,223.0
8514,2021-08-05,223.0
8515,2021-09-05,223.0
8516,2021-10-05,223.0
8517,2021-11-05,223.0
8518,2021-12-05,223.0
8519,2021-07-22,224.0
8520,2021-08-22,224.0
8521,2021-09-22,224.0
8522,2021-10-22,224.0
8523,2021-11-22,224.0
8524,2021-12-22,224.0
8525,2020-12-28,225.0
8526,2021-01-28,225.0
8527,2021-02-28,225.0
8528,2021-03-28,225.0
8529,2021-04-28,225.0
8530,2021-05-28,225.0
8531,2021-06-28,225.0
8532,2021-07-28,225.0
8533,2021-08-28,225.0
8534,2021-09-28,225.0
8535,2021-10-28,225.0
8536,2021-11-28,225.0
8537,2021-12-28,225.0
8538,2021-02-15,226.0
8539,2021-03-15,226.0
8540,2021-04-15,226.0
8541,2021-05-15,226.0
8542,2021-06-15,226.0
8543,2021-07-15,226.0
8544,2021-08-15,226.0
8545,2021-09-15,226.0
8546,2021-10-15,226.0
8547,2021-11-15,226.0
8548,2021-12-15,226.0
8549,2021-03-25,227.0
8550,2021-04-25,227.0
8551,2021-05-25,227.0
8552,2021-06-25,227.0
8553,2021-07-25,227.0
8554,2021-08-25,227.0
8555,2021-09-25,227.0
8556,2021-10-25,227.0
8557,2021-11-25,227.0
8558,2021-12-25,227.0
8559,2021-04-15,228.0
8560,2021-05-15,228.0
8561,2021-06-15,228.0
8562,2021-07-15,228.0
8563,2021-08-15,228.0
8564,2021-09-15,228.0
8565,2021-10-15,228.0
8566,2021-11-15,228.0
8567,2021-12-15,228.0
8568,2020-07-29,229.0
8569,2020-08-29,229.0
8570,2020-09-29,229.0
8571,2020-10-29,229.0
8572,2020-11-29,229.0
8573,2020-12-29,229.0
8574,2021-01-29,229.0
8575,2021-02-28,229.0
8576,2021-03-28,229.0
8577,2021-04-28,229.0
8578,2021-05-28,229.0
8579,2021-06-28,229.0
8580,2021-07-28,229.0
8581,2021-08-28,229.0
8582,2021-09-28,229.0
8583,2021-10-28,229.0
8584,2021-11-28,229.0
8585,2021-12-28,229.0
8586,2020-10-17,230.0
8587,2020-11-17,230.0
8588,2020-12-17,230.0
8589,2021-01-17,230.0
8590,2021-02-17,230.0
8591,2021-03-17,230.0
8592,2021-04-17,230.0
8593,2021-05-17,230.0
8594,2021-06-17,230.0
8595,2021-07-17,230.0
8596,2021-08-17,230.0
8597,2021-09-17,230.0
8598,2021-10-17,230.0
8599,2021-11-17,230.0
8600,2021-12-17,230.0
8601,2021-06-30,231.0
8602,2021-07-30,231.0
8603,2021-08-30,231.0
8604,2021-09-30,231.0
8605,2021-10-30,231.0
8606,2021-11-30,231.0
8607,2021-12-30,231.0
8608,2020-05-05,232.0
8609,2020-06-05,232.0
8610,2020-07-05,232.0
8611,2020-08-05,232.0
8612,2020-09-05,232.0
8613,2020-10-05,232.0
8614,2020-11-05,232.0
8615,2020-12-05,232.0
8616,2021-01-05,232.0
8617,2021-02-05,232.0
8618,2021-03-05,232.0
8619,2021-04-05,232.0
8620,2021-05-05,232.0
8621,2021-06-05,232.0
8622,2021-07-05,232.0
8623,2021-08-05,232.0
8624,2021-09-05,232.0
8625,2021-10-05,232.0
8626,2021-11-05,232.0
8627,2021-12-05,232.0
8628,2021-06-04,233.0
8629,2021-07-04,233.0
8630,2021-02-13,234.0
8631,2021-03-13,234.0
8632,2021-04-13,234.0
8633,2021-05-13,234.0
8634,2021-06-13,234.0
8635,2021-07-13,234.0
8636,2021-08-13,234.0
8637,2021-09-13,234.0
8638,2021-10-13,234.0
8639,2021-11-13,234.0
8640,2021-12-13,234.0
8641,2021-07-21,235.0
8642,2021-08-21,235.0
8643,2021-09-21,235.0
8644,2021-10-21,235.0
8645,2021-11-21,235.0
8646,2021-12-21,235.0
8647,2021-11-14,236.0
8648,2021-12-14,236.0
8649,2020-09-28,237.0
8650,2020-10-28,237.0
8651,2020-11-28,237.0
8652,2020-12-28,237.0
8653,2021-01-28,237.0
8654,2021-02-28,237.0
8655,2021-03-28,237.0
8656,2021-04-28,237.0
8657,2021-05-28,237.0
8658,2021-06-28,237.0
8659,2021-07-28,237.0
8660,2021-03-01,238.0
8661,2021-04-01,238.0
8662,2021-05-01,238.0
8663,2021-06-01,238.0
8664,2021-07-01,238.0
8665,2021-08-01,238.0
8666,2021-09-01,238.0
8667,2021-10-01,238.0
8668,2021-11-01,238.0
8669,2021-12-01,238.0
8670,2021-01-16,239.0
8671,2021-02-16,239.0
8672,2021-03-16,239.0
8673,2021-04-16,239.0
8674,2021-05-16,239.0
8675,2021-06-16,239.0
8676,2021-07-16,239.0
8677,2021-08-16,239.0
8678,2021-09-16,239.0
8679,2021-10-16,239.0
8680,2021-11-16,239.0
8681,2021-12-16,239.0
8682,2021-11-24,240.0
8683,2021-12-24,240.0
8684,2021-05-30,241.0
8685,2021-06-30,241.0
8686,2021-07-30,241.0
8687,2021-08-30,241.0
8688,2021-09-30,241.0
8689,2021-10-29,242.0
8690,2021-11-29,242.0
8691,2021-12-29,242.0
8692,2021-04-17,243.0
8693,2021-05-17,243.0
8694,2021-06-17,243.0
8695,2021-07-17,243.0
8696,2021-08-17,243.0
8697,2021-09-17,243.0
8698,2021-10-17,243.0
8699,2021-11-17,243.0
8700,2021-12-17,243.0
8701,2020-08-02,244.0
8702,2020-09-02,244.0
8703,2020-10-02,244.0
8704,2020-11-02,244.0
8705,2020-12-02,244.0
8706,2021-01-02,244.0
8707,2021-02-02,244.0
8708,2021-03-02,244.0
8709,2021-04-02,244.0
8710,2021-05-02,244.0
8711,2021-06-02,244.0
8712,2021-07-02,244.0
8713,2021-08-02,244.0
8714,2021-09-02,244.0
8715,2021-10-02,244.0
8716,2021-11-02,244.0
8717,2021-12-02,244.0
8718,2021-05-31,245.0
8719,2021-06-30,245.0
8720,2021-07-30,245.0
8721,2021-08-30,245.0
8722,2021-09-30,245.0
8723,2021-10-30,245.0
8724,2021-11-30,245.0
8725,2021-12-30,245.0
8726,2020-11-03,246.0
8727,2020-12-03,246.0
8728,2021-01-03,246.0
8729,2021-02-03,246.0
8730,2021-03-03,246.0
8731,2021-04-03,246.0
8732,2021-05-03,246.0
8733,2021-06-03,246.0
8734,2021-07-03,246.0
8735,2021-08-03,246.0
8736,2021-09-03,246.0
8737,2021-10-03,246.0
8738,2021-11-03,246.0
8739,2021-12-03,246.0
8740,2020-07-15,247.0
8741,2020-08-15,247.0
8742,2020-09-15,247.0
8743,2020-10-15,247.0
8744,2020-11-15,247.0
8745,2020-12-15,247.0
8746,2021-01-15,247.0
8747,2021-02-15,247.0
8748,2021-03-15,247.0
8749,2021-04-15,247.0
8750,2021-05-15,247.0
8751,2021-06-15,247.0
8752,2021-07-15,247.0
8753,2021-08-15,247.0
8754,2021-09-15,247.0
8755,2021-10-15,247.0
8756,2021-11-15,247.0
8757,2021-12-15,247.0
8758,2020-06-29,248.0
8759,2020-07-29,248.0
8760,2020-08-29,248.0
8761,2020-09-29,248.0
8762,2020-10-29,248.0
8763,2020-11-29,248.0
8764,2020-12-29,248.0
8765,2021-01-29,248.0
8766,2021-02-28,248.0
8767,2020-12-01,249.0
8768,2021-01-01,249.0
8769,2021-02-01,249.0
8770,2021-03-01,249.0
8771,2021-04-01,249.0
8772,2021-05-01,249.0
8773,2021-06-01,249.0
8774,2021-07-01,249.0
8775,2021-08-01,249.0
8776,2021-09-01,249.0
8777,2021-10-01,249.0
8778,2021-11-01,249.0
8779,2021-12-01,249.0
8780,2020-11-05,250.0
8781,2020-12-05,250.0
8782,2021-01-05,250.0
8783,2021-02-05,250.0
8784,2021-03-05,250.0
8785,2021-04-05,250.0
8786,2021-05-05,250.0
8787,2021-06-05,250.0
8788,2021-07-05,250.0
8789,2021-08-05,250.0
8790,2021-09-05,250.0
8791,2021-10-05,250.0
8792,2021-11-05,250.0
8793,2021-12-05,250.0
8794,2021-07-12,251.0
8795,2021-08-12,251.0
8796,2021-09-12,251.0
8797,2021-10-12,251.0
8798,2021-11-12,251.0
8799,2021-09-25,252.0
8800,2021-10-25,252.0
8801,2021-11-25,252.0
8802,2021-12-25,252.0
8803,2021-06-29,253.0
8804,2021-07-29,253.0
8805,2021-08-29,253.0
8806,2021-09-29,253.0
8807,2021-10-29,253.0
8808,2021-11-29,253.0
8809,2021-12-29,253.0
8810,2021-02-23,254.0
8811,2021-03-23,254.0
8812,2021-04-23,254.0
8813,2021-05-23,254.0
8814,2021-06-23,254.0
8815,2021-07-23,254.0
8816,2021-08-23,254.0
8817,2021-09-23,254.0
8818,2021-10-23,254.0
8819,2021-11-23,254.0
8820,2021-12-23,254.0
8821,2020-07-23,255.0
8822,2020-08-23,255.0
8823,2020-09-23,255.0
8824,2020-10-23,255.0
8825,2020-11-23,255.0
8826,2020-12-23,255.0
8827,2021-01-23,255.0
8828,2021-02-23,255.0
8829,2021-03-23,255.0
8830,2021-04-23,255.0
8831,2021-05-23,255.0
8832,2021-06-23,255.0
8833,2021-07-23,255.0
8834,2021-08-23,255.0
8835,2021-09-23,255.0
8836,2021-10-23,255.0
8837,2021-11-23,255.0
8838,2021-12-23,255.0
8839,2021-03-24,256.0
8840,2021-04-24,256.0
8841,2021-05-24,256.0
8842,2021-06-24,256.0
8843,2021-07-24,256.0
8844,2021-08-24,256.0
8845,2021-09-24,256.0
8846,2021-10-24,256.0
8847,2021-10-06,257.0
8848,2021-11-06,257.0
8849,2021-12-06,257.0
8850,2020-07-07,258.0
8851,2020-08-07,258.0
8852,2020-09-07,258.0
8853,2020-10-07,258.0
8854,2020-11-07,258.0
8855,2020-12-07,258.0
8856,2021-01-07,258.0
8857,2021-02-07,258.0
8858,2021-03-07,258.0
8859,2021-04-07,258.0
8860,2021-05-07,258.0
8861,2021-06-07,258.0
8862,2021-07-07,258.0
8863,2021-08-07,258.0
8864,2021-09-07,258.0
8865,2021-10-07,258.0
8866,2021-11-07,258.0
8867,2021-12-07,258.0
8868,2020-05-03,259.0
8869,2020-06-03,259.0
8870,2020-07-03,259.0
8871,2020-08-03,259.0
8872,2020-09-03,259.0
8873,2020-10-03,259.0
8874,2020-11-03,259.0
8875,2020-12-03,259.0
8876,2021-01-03,259.0
8877,2021-02-03,259.0
8878,2021-03-03,259.0
8879,2021-04-03,259.0
8880,2021-05-03,259.0
8881,2021-06-03,259.0
8882,2021-07-03,259.0
8883,2021-08-03,259.0
8884,2021-09-03,259.0
8885,2021-10-03,259.0
8886,2021-11-03,259.0
8887,2021-12-03,259.0
8888,2021-03-08,260.0
8889,2021-04-08,260.0
8890,2021-05-08,260.0
8891,2021-06-08,260.0
8892,2021-07-08,260.0
8893,2021-08-08,260.0
8894,2021-09-08,260.0
8895,2021-10-08,260.0
8896,2021-11-08,260.0
8897,2021-12-08,260.0
8898,2020-07-22,261.0
8899,2020-08-22,261.0
8900,2020-09-22,261.0
8901,2020-10-22,261.0
8902,2020-11-22,261.0
8903,2020-12-22,261.0
8904,2021-01-22,261.0
8905,2021-02-22,261.0
8906,2021-03-22,261.0
8907,2021-04-22,261.0
8908,2021-05-22,261.0
8909,2021-06-22,261.0
8910,2021-07-22,261.0
8911,2021-08-22,261.0
8912,2021-09-22,261.0
8913,2021-10-22,261.0
8914,2021-11-22,261.0
8915,2021-12-22,261.0
8916,2021-08-04,262.0
8917,2021-09-04,262.0
8918,2021-10-04,262.0
8919,2021-11-04,262.0
8920,2021-12-04,262.0
8921,2020-08-24,263.0
8922,2020-09-24,263.0
8923,2020-10-24,263.0
8924,2020-11-24,263.0
8925,2020-12-24,263.0
8926,2021-01-24,263.0
8927,2021-02-24,263.0
8928,2021-03-24,263.0
8929,2021-04-24,263.0
8930,2021-05-24,263.0
8931,2021-06-24,263.0
8932,2021-07-24,263.0
8933,2021-08-24,263.0
8934,2021-09-24,263.0
8935,2021-10-24,263.0
8936,2021-11-24,263.0
8937,2021-12-24,263.0
8938,2021-06-04,264.0
8939,2021-07-04,264.0
8940,2021-08-04,264.0
8941,2021-09-04,264.0
8942,2021-10-04,264.0
8943,2021-11-04,264.0
8944,2021-12-04,264.0
8945,2021-01-24,265.0
8946,2021-02-24,265.0
8947,2021-03-24,265.0
8948,2021-04-24,265.0
8949,2021-05-24,265.0
8950,2021-06-24,265.0
8951,2021-07-24,265.0
8952,2021-08-24,265.0
8953,2021-09-24,265.0
8954,2021-10-24,265.0
8955,2021-11-24,265.0
8956,2021-08-21,266.0
8957,2021-09-21,266.0
8958,2021-10-21,266.0
8959,2021-11-21,266.0
8960,2021-12-21,266.0
8961,2021-01-09,267.0
8962,2021-02-09,267.0
8963,2021-03-09,267.0
8964,2021-04-09,267.0
8965,2021-05-09,267.0
8966,2021-06-09,267.0
8967,2021-07-09,267.0
8968,2021-08-09,267.0
8969,2021-09-09,267.0
8970,2021-10-09,267.0
8971,2021-11-09,267.0
8972,2021-12-09,267.0
8973,2020-07-31,268.0
8974,2020-08-31,268.0
8975,2020-09-30,268.0
8976,2020-10-30,268.0
8977,2020-11-30,268.0
8978,2020-12-30,268.0
8979,2021-01-30,268.0
8980,2021-02-28,269.0
8981,2021-03-28,269.0
8982,2021-04-28,269.0
8983,2021-05-28,269.0
8984,2021-06-28,269.0
8985,2021-07-28,269.0
8986,2021-08-28,269.0
8987,2021-09-28,269.0
8988,2021-10-28,269.0
8989,2021-11-28,269.0
8990,2021-12-28,269.0
8991,2020-08-28,269.0
8992,2020-09-28,269.0
8993,2020-10-28,269.0
8994,2020-11-28,269.0
8995,2020-12-28,269.0
8996,2021-01-28,269.0
8997,2021-02-28,269.0
8998,2021-03-28,269.0
8999,2021-04-28,269.0
9000,2021-05-28,269.0
9001,2021-08-29,270.0
9002,2021-09-29,270.0
9003,2021-03-29,271.0
9004,2021-04-29,271.0
9005,2021-05-29,271.0
9006,2021-06-29,271.0
9007,2021-07-29,271.0
9008,2021-08-29,271.0
9009,2021-09-29,271.0
9010,2021-10-29,271.0
9011,2021-11-29,271.0
9012,2021-12-29,271.0
9013,2021-10-03,272.0
9014,2021-11-03,272.0
9015,2021-12-03,272.0
9016,2021-11-09,273.0
9017,2021-12-09,273.0
9018,2021-02-09,274.0
9019,2021-03-09,274.0
9020,2021-04-09,274.0
9021,2021-05-09,274.0
9022,2021-06-09,274.0
9023,2021-07-09,274.0
9024,2021-08-09,274.0
9025,2021-09-09,274.0
9026,2021-10-09,274.0
9027,2021-11-09,274.0
9028,2021-12-09,274.0
9029,2020-08-14,275.0
9030,2020-09-14,275.0
9031,2020-10-14,275.0
9032,2020-11-14,275.0
9033,2020-12-14,275.0
9034,2021-01-14,275.0
9035,2021-02-14,275.0
9036,2021-03-14,275.0
9037,2021-04-14,275.0
9038,2021-05-14,275.0
9039,2021-06-14,275.0
9040,2021-07-14,275.0
9041,2021-08-14,275.0
9042,2021-09-14,275.0
9043,2021-10-14,275.0
9044,2021-11-14,275.0
9045,2021-12-14,275.0
9046,2021-04-29,276.0
9047,2021-05-29,276.0
9048,2021-06-29,276.0
9049,2021-07-29,276.0
9050,2021-08-29,276.0
9051,2021-09-29,276.0
9052,2021-10-29,276.0
9053,2021-11-29,276.0
9054,2021-12-29,276.0
9055,2020-08-04,277.0
9056,2020-09-04,277.0
9057,2020-10-04,277.0
9058,2020-11-04,277.0
9059,2020-12-04,277.0
9060,2021-01-04,277.0
9061,2021-02-04,277.0
9062,2021-03-04,277.0
9063,2021-04-04,277.0
9064,2021-05-04,277.0
9065,2021-06-04,277.0
9066,2021-07-04,277.0
9067,2021-08-04,277.0
9068,2021-09-04,277.0
9069,2021-10-04,277.0
9070,2021-11-04,277.0
9071,2021-12-04,277.0
9072,2020-11-10,278.0
9073,2020-12-10,278.0
9074,2021-01-10,278.0
9075,2021-02-10,278.0
9076,2021-03-10,278.0
9077,2021-04-17,279.0
9078,2021-05-17,279.0
9079,2021-06-17,279.0
9080,2021-07-17,279.0
9081,2021-11-15,280.0
9082,2021-12-15,280.0
9083,2021-08-15,281.0
9084,2021-09-15,281.0
9085,2021-10-15,281.0
9086,2021-11-15,281.0
9087,2020-05-27,282.0
9088,2020-06-27,282.0
9089,2020-07-27,282.0
9090,2020-08-27,282.0
9091,2020-09-27,282.0
9092,2020-10-27,282.0
9093,2020-11-27,282.0
9094,2020-12-27,282.0
9095,2021-01-27,282.0
9096,2021-10-12,283.0
9097,2021-11-12,283.0
9098,2020-09-22,284.0
9099,2020-10-22,284.0
9100,2020-11-22,284.0
9101,2020-12-22,284.0
9102,2021-01-22,284.0
9103,2021-02-22,284.0
9104,2021-03-22,284.0
9105,2021-04-22,284.0
9106,2021-05-22,284.0
9107,2021-06-22,284.0
9108,2021-07-22,284.0
9109,2021-08-22,284.0
9110,2021-09-22,284.0
9111,2021-10-22,284.0
9112,2021-11-22,284.0
9113,2021-12-22,284.0
9114,2020-07-04,285.0
9115,2020-08-04,285.0
9116,2020-09-04,285.0
9117,2020-10-04,285.0
9118,2020-11-04,285.0
9119,2020-12-04,285.0
9120,2021-01-04,285.0
9121,2021-02-04,285.0
9122,2021-03-04,285.0
9123,2021-04-04,285.0
9124,2021-05-04,285.0
9125,2021-06-04,285.0
9126,2021-07-04,285.0
9127,2021-08-04,285.0
9128,2021-09-04,285.0
9129,2021-10-04,285.0
9130,2021-11-04,285.0
9131,2021-12-04,285.0
9132,2020-10-23,286.0
9133,2020-11-23,286.0
9134,2020-12-23,286.0
9135,2021-01-23,286.0
9136,2021-02-23,286.0
9137,2021-03-23,286.0
9138,2021-04-23,286.0
9139,2021-05-23,286.0
9140,2021-06-23,286.0
9141,2021-07-23,286.0
9142,2021-08-23,286.0
9143,2021-09-23,286.0
9144,2021-10-23,286.0
9145,2021-11-23,286.0
9146,2021-12-23,286.0
9147,2021-02-13,287.0
9148,2021-03-13,287.0
9149,2021-04-13,287.0
9150,2021-05-13,287.0
9151,2021-06-13,287.0
9152,2021-07-13,287.0
9153,2021-08-13,287.0
9154,2021-09-13,287.0
9155,2021-10-13,287.0
9156,2021-11-13,287.0
9157,2021-12-13,287.0
9158,2020-12-24,288.0
9159,2021-01-24,288.0
9160,2021-02-24,288.0
9161,2021-03-24,288.0
9162,2021-04-24,288.0
9163,2021-05-24,288.0
9164,2021-06-24,288.0
9165,2021-07-24,288.0
9166,2021-08-24,288.0
9167,2021-09-24,288.0
9168,2021-10-24,288.0
9169,2021-11-24,288.0
9170,2021-01-24,289.0
9171,2021-02-24,289.0
9172,2021-03-24,289.0
9173,2021-10-17,290.0
9174,2021-11-17,290.0
9175,2021-07-01,291.0
9176,2021-08-01,291.0
9177,2020-07-13,292.0
9178,2020-08-13,292.0
9179,2020-09-13,292.0
9180,2020-10-13,292.0
9181,2020-11-13,292.0
9182,2020-12-13,292.0
9183,2021-01-13,292.0
9184,2021-02-13,292.0
9185,2021-03-13,292.0
9186,2021-04-13,292.0
9187,2021-05-13,292.0
9188,2021-06-13,292.0
9189,2021-07-13,292.0
9190,2021-08-13,292.0
9191,2021-09-13,292.0
9192,2021-10-13,292.0
9193,2021-11-13,292.0
9194,2021-12-13,292.0
9195,2020-06-06,293.0
9196,2020-07-06,293.0
9197,2020-08-06,293.0
9198,2020-09-06,293.0
9199,2020-10-06,293.0
9200,2020-11-06,293.0
9201,2020-12-06,293.0
9202,2021-01-06,293.0
9203,2021-02-06,293.0
9204,2021-03-06,293.0
9205,2021-04-06,293.0
9206,2021-05-06,293.0
9207,2021-06-06,293.0
9208,2021-07-06,293.0
9209,2021-08-06,293.0
9210,2021-09-06,293.0
9211,2021-10-06,293.0
9212,2021-11-06,293.0
9213,2021-12-06,293.0
9214,2021-09-07,294.0
9215,2021-10-07,294.0
9216,2021-11-07,294.0
9217,2021-12-07,294.0
9218,2021-06-30,295.0
9219,2021-07-30,295.0
9220,2021-08-30,295.0
9221,2021-09-30,295.0
9222,2021-10-30,295.0
9223,2021-11-30,295.0
9224,2021-12-30,295.0
9225,2021-03-09,296.0
9226,2021-04-09,296.0
9227,2021-05-09,296.0
9228,2021-06-09,296.0
9229,2021-07-09,296.0
9230,2021-08-09,296.0
9231,2021-09-09,296.0
9232,2021-10-09,296.0
9233,2021-11-09,296.0
9234,2021-12-09,296.0
9235,2021-08-16,297.0
9236,2021-09-16,297.0
9237,2021-10-16,297.0
9238,2021-11-16,297.0
9239,2021-12-16,297.0
9240,2021-04-29,298.0
9241,2021-05-29,298.0
9242,2021-06-29,298.0
9243,2021-07-29,298.0
9244,2021-08-29,298.0
9245,2021-09-29,298.0
9246,2021-10-29,298.0
9247,2021-11-29,298.0
9248,2021-12-29,298.0
9249,2021-07-14,299.0
9250,2021-08-14,299.0
9251,2021-09-14,299.0
9252,2021-10-14,299.0
9253,2021-11-14,299.0
9254,2021-12-14,299.0
9255,2020-12-03,300.0
9256,2021-01-03,300.0
9257,2021-02-03,300.0
9258,2021-03-03,300.0
9259,2021-04-03,300.0
9260,2021-05-03,300.0
9261,2021-06-03,300.0
9262,2021-07-03,300.0
9263,2021-08-03,300.0
9264,2021-09-03,300.0
9265,2021-10-03,300.0
9266,2021-11-03,300.0
9267,2021-12-03,300.0
9268,2021-03-16,301.0
9269,2021-04-16,301.0
9270,2021-05-16,301.0
9271,2021-06-16,301.0
9272,2021-07-16,301.0
9273,2021-08-16,301.0
9274,2021-09-16,301.0
9275,2021-10-16,301.0
9276,2021-11-16,301.0
9277,2021-12-16,301.0
9278,2020-11-25,302.0
9279,2020-12-25,302.0
9280,2021-01-25,302.0
9281,2021-02-25,302.0
9282,2021-03-25,302.0
9283,2021-04-25,302.0
9284,2021-05-25,302.0
9285,2021-06-25,302.0
9286,2021-07-25,302.0
9287,2021-08-25,302.0
9288,2021-09-25,302.0
9289,2021-10-25,302.0
9290,2021-11-25,302.0
9291,2021-12-25,302.0
9292,2020-10-07,303.0
9293,2020-11-07,303.0
9294,2020-12-07,303.0
9295,2021-01-07,303.0
9296,2021-02-07,303.0
9297,2021-03-07,303.0
9298,2021-04-07,303.0
9299,2021-05-07,303.0
9300,2021-06-07,303.0
9301,2021-07-07,303.0
9302,2021-08-07,303.0
9303,2021-09-07,303.0
9304,2021-10-07,303.0
9305,2021-11-07,303.0
9306,2021-12-07,303.0
9307,2020-10-03,304.0
9308,2020-11-03,304.0
9309,2020-12-03,304.0
9310,2021-01-03,304.0
9311,2021-02-03,304.0
9312,2021-03-03,304.0
9313,2021-04-03,304.0
9314,2021-05-03,304.0
9315,2021-06-03,304.0
9316,2021-07-03,304.0
9317,2021-08-03,304.0
9318,2020-08-26,305.0
9319,2020-09-26,305.0
9320,2020-10-26,305.0
9321,2020-11-26,305.0
9322,2020-12-26,305.0
9323,2021-01-26,305.0
9324,2021-02-26,305.0
9325,2021-03-26,305.0
9326,2021-04-26,305.0
9327,2021-05-26,305.0
9328,2021-06-26,305.0
9329,2021-07-26,305.0
9330,2021-08-26,305.0
9331,2021-09-26,305.0
9332,2021-10-26,305.0
9333,2021-11-26,305.0
9334,2021-12-26,305.0
9335,2021-08-19,306.0
9336,2021-09-19,306.0
9337,2021-10-19,306.0
9338,2021-11-19,306.0
9339,2021-12-19,306.0
9340,2020-10-13,307.0
9341,2020-11-13,307.0
9342,2020-12-13,307.0
9343,2021-01-13,307.0
9344,2021-02-13,307.0
9345,2021-03-13,307.0
9346,2021-04-13,307.0
9347,2021-05-13,307.0
9348,2021-06-13,307.0
9349,2021-09-07,308.0
9350,2021-08-27,309.0
9351,2021-09-27,309.0
9352,2021-10-27,309.0
9353,2021-11-27,309.0
9354,2021-12-27,309.0
9355,2020-10-03,310.0
9356,2020-11-03,310.0
9357,2020-12-03,310.0
9358,2021-01-03,310.0
9359,2021-02-03,310.0
9360,2021-03-03,310.0
9361,2021-04-03,310.0
9362,2021-05-03,310.0
9363,2021-06-03,310.0
9364,2021-07-03,310.0
9365,2021-08-03,310.0
9366,2020-10-25,311.0
9367,2020-11-25,311.0
9368,2020-12-25,311.0
9369,2021-01-25,311.0
9370,2021-02-25,311.0
9371,2021-03-25,311.0
9372,2021-04-25,311.0
9373,2021-05-25,311.0
9374,2021-06-25,311.0
9375,2021-07-25,311.0
9376,2021-11-23,312.0
9377,2021-12-23,312.0
9378,2020-09-17,313.0
9379,2020-10-17,313.0
9380,2020-11-17,313.0
9381,2020-12-17,313.0
9382,2021-01-17,313.0
9383,2021-02-17,313.0
9384,2021-03-17,313.0
9385,2021-04-17,313.0
9386,2021-05-17,313.0
9387,2021-06-17,313.0
9388,2021-07-17,313.0
9389,2021-08-17,313.0
9390,2021-09-17,313.0
9391,2021-10-17,313.0
9392,2021-11-17,313.0
9393,2021-12-17,313.0
9394,2020-10-05,314.0
9395,2020-11-05,314.0
9396,2020-12-05,314.0
9397,2021-03-09,315.0
9398,2021-04-09,315.0
9399,2021-05-09,315.0
9400,2021-06-09,315.0
9401,2021-07-09,315.0
9402,2021-08-09,315.0
9403,2021-09-09,315.0
9404,2021-10-09,315.0
9405,2021-06-30,316.0
9406,2021-07-30,316.0
9407,2021-08-30,316.0
9408,2021-09-30,316.0
9409,2021-10-30,316.0
9410,2021-10-06,317.0
9411,2020-07-29,318.0
9412,2020-08-29,318.0
9413,2020-09-29,318.0
9414,2020-10-29,318.0
9415,2021-07-29,319.0
9416,2021-08-29,319.0
9417,2021-09-29,319.0
9418,2021-10-29,319.0
9419,2021-11-29,319.0
9420,2021-12-29,319.0
9421,2020-09-21,320.0
9422,2020-10-21,320.0
9423,2020-11-21,320.0
9424,2020-12-21,320.0
9425,2021-01-21,320.0
9426,2021-02-21,320.0
9427,2021-03-21,320.0
9428,2021-04-21,320.0
9429,2021-05-21,320.0
9430,2021-06-21,320.0
9431,2021-07-21,320.0
9432,2021-08-21,320.0
9433,2021-09-21,320.0
9434,2021-10-21,320.0
9435,2021-11-21,320.0
9436,2021-12-21,320.0
9437,2020-10-13,321.0
9438,2020-11-13,321.0
9439,2020-12-13,321.0
9440,2021-01-13,321.0
9441,2021-02-13,321.0
9442,2021-03-13,321.0
9443,2021-04-13,321.0
9444,2021-05-13,321.0
9445,2021-06-13,321.0
9446,2021-07-13,321.0
9447,2021-08-13,321.0
9448,2021-09-13,321.0
9449,2021-10-13,321.0
9450,2021-11-13,321.0
9451,2021-12-13,321.0
9452,2020-05-13,322.0
9453,2020-06-13,322.0
9454,2020-07-13,322.0
9455,2020-08-13,322.0
9456,2020-09-13,322.0
9457,2020-10-13,322.0
9458,2020-11-13,322.0
9459,2020-12-13,322.0
9460,2021-01-13,322.0
9461,2021-02-13,322.0
9462,2021-03-13,322.0
9463,2021-04-13,322.0
9464,2021-05-13,322.0
9465,2021-06-13,322.0
9466,2021-07-13,322.0
9467,2021-08-13,322.0
9468,2021-09-13,322.0
9469,2021-10-13,322.0
9470,2021-11-13,322.0
9471,2021-12-13,322.0
9472,2020-10-30,323.0
9473,2020-11-30,323.0
9474,2020-12-30,323.0
9475,2021-01-30,323.0
9476,2021-02-28,323.0
9477,2021-03-28,323.0
9478,2021-04-28,323.0
9479,2021-05-28,323.0
9480,2021-06-28,323.0
9481,2021-07-28,323.0
9482,2021-08-28,323.0
9483,2021-09-28,323.0
9484,2021-10-28,323.0
9485,2021-11-28,323.0
9486,2021-12-28,323.0
9487,2020-08-25,324.0
9488,2020-09-25,324.0
9489,2020-10-25,324.0
9490,2020-11-25,324.0
9491,2020-12-25,324.0
9492,2021-01-25,324.0
9493,2021-02-25,324.0
9494,2021-03-25,324.0
9495,2021-04-25,324.0
9496,2021-05-25,324.0
9497,2021-06-25,324.0
9498,2021-07-25,324.0
9499,2021-08-25,324.0
9500,2021-09-25,324.0
9501,2021-10-25,324.0
9502,2021-11-25,324.0
9503,2021-12-25,324.0
9504,2020-11-18,325.0
9505,2020-12-18,325.0
9506,2021-01-18,325.0
9507,2021-02-18,325.0
9508,2021-03-18,325.0
9509,2021-04-18,325.0
9510,2021-05-18,325.0
9511,2021-06-18,325.0
9512,2021-07-18,325.0
9513,2021-08-18,325.0
9514,2021-09-18,325.0
9515,2021-10-18,325.0
9516,2021-11-18,325.0
9517,2021-12-18,325.0
9518,2021-08-29,326.0
9519,2021-09-29,326.0
9520,2021-10-29,326.0
9521,2021-11-29,326.0
9522,2021-12-29,326.0
9523,2021-07-09,327.0
9524,2021-08-09,327.0
9525,2020-11-16,328.0
9526,2020-12-16,328.0
9527,2021-01-16,328.0
9528,2021-02-16,328.0
9529,2021-03-16,328.0
9530,2021-04-16,328.0
9531,2021-05-16,328.0
9532,2021-06-16,328.0
9533,2021-07-16,328.0
9534,2021-08-16,328.0
9535,2021-09-16,328.0
9536,2021-10-16,328.0
9537,2021-11-16,328.0
9538,2021-12-16,328.0
9539,2020-08-19,329.0
9540,2020-09-19,329.0
9541,2020-10-19,329.0
9542,2020-11-19,329.0
9543,2020-12-19,329.0
9544,2021-01-19,329.0
9545,2021-02-19,329.0
9546,2021-03-19,329.0
9547,2021-04-19,329.0
9548,2021-05-19,329.0
9549,2021-06-19,329.0
9550,2021-07-19,329.0
9551,2021-08-19,329.0
9552,2021-09-19,329.0
9553,2021-10-19,329.0
9554,2021-11-19,329.0
9555,2021-12-19,329.0
9556,2020-11-27,330.0
9557,2020-12-27,330.0
9558,2021-01-27,330.0
9559,2021-02-27,330.0
9560,2021-03-27,330.0
9561,2021-04-27,330.0
9562,2021-05-27,330.0
9563,2021-06-27,330.0
9564,2021-07-27,330.0
9565,2021-08-27,330.0
9566,2021-09-27,330.0
9567,2021-10-27,330.0
9568,2021-11-27,330.0
9569,2021-12-27,330.0
9570,2020-11-04,331.0
9571,2020-12-04,331.0
9572,2021-01-04,331.0
9573,2021-02-04,331.0
9574,2021-03-04,331.0
9575,2021-04-04,331.0
9576,2021-05-04,331.0
9577,2021-06-04,331.0
9578,2021-07-04,331.0
9579,2021-08-04,331.0
9580,2021-09-04,331.0
9581,2021-10-04,331.0
9582,2021-11-04,331.0
9583,2021-12-04,331.0
9584,2020-07-23,332.0
9585,2020-08-23,332.0
9586,2020-09-23,332.0
9587,2020-10-23,332.0
9588,2020-11-23,332.0
9589,2020-12-23,332.0
9590,2021-01-23,332.0
9591,2021-02-23,332.0
9592,2021-03-23,332.0
9593,2021-04-23,332.0
9594,2021-05-23,332.0
9595,2021-06-23,332.0
9596,2021-07-23,332.0
9597,2021-08-23,332.0
9598,2021-09-23,332.0
9599,2021-10-23,332.0
9600,2021-11-23,332.0
9601,2021-12-23,332.0
9602,2021-11-20,333.0
9603,2021-12-20,333.0
9604,2021-11-03,334.0
9605,2021-07-15,335.0
9606,2021-08-15,335.0
9607,2021-09-15,335.0
9608,2021-10-15,335.0
9609,2021-02-16,336.0
9610,2021-03-16,336.0
9611,2021-04-16,336.0
9612,2021-05-16,336.0
9613,2021-06-16,336.0
9614,2021-07-16,336.0
9615,2021-08-16,336.0
9616,2021-09-16,336.0
9617,2021-10-16,336.0
9618,2021-11-16,336.0
9619,2021-12-16,336.0
9620,2021-03-21,337.0
9621,2021-04-21,337.0
9622,2021-05-21,337.0
9623,2021-06-21,337.0
9624,2021-07-21,337.0
9625,2021-08-21,337.0
9626,2021-09-21,337.0
9627,2021-10-21,337.0
9628,2021-11-21,337.0
9629,2021-12-21,337.0
9630,2020-08-28,338.0
9631,2020-09-28,338.0
9632,2020-10-28,338.0
9633,2020-11-28,338.0
9634,2020-12-28,338.0
9635,2021-01-28,338.0
9636,2021-02-28,338.0
9637,2021-03-28,338.0
9638,2021-04-28,338.0
9639,2021-05-28,338.0
9640,2021-06-28,338.0
9641,2021-07-28,338.0
9642,2021-08-28,338.0
9643,2021-09-28,338.0
9644,2021-10-28,338.0
9645,2021-11-28,338.0
9646,2021-12-28,338.0
9647,2021-11-09,339.0
9648,2021-12-09,339.0
9649,2020-08-20,340.0
9650,2020-09-20,340.0
9651,2020-10-20,340.0
9652,2020-11-20,340.0
9653,2020-12-20,340.0
9654,2021-01-20,340.0
9655,2021-02-20,340.0
9656,2021-03-20,340.0
9657,2021-04-20,340.0
9658,2021-05-20,340.0
9659,2021-06-20,340.0
9660,2021-07-20,340.0
9661,2021-08-20,340.0
9662,2021-09-20,340.0
9663,2021-10-20,340.0
9664,2021-11-20,340.0
9665,2021-12-20,340.0
9666,2021-10-27,341.0
9667,2021-11-27,341.0
9668,2021-12-27,341.0
9669,2020-06-25,342.0
9670,2020-07-25,342.0
9671,2020-08-25,342.0
9672,2020-09-25,342.0
9673,2020-10-25,342.0
9674,2020-11-25,342.0
9675,2020-12-25,342.0
9676,2021-01-25,342.0
9677,2021-02-25,342.0
9678,2021-03-25,342.0
9679,2021-04-25,342.0
9680,2021-05-25,342.0
9681,2021-06-25,342.0
9682,2021-07-25,342.0
9683,2021-08-25,342.0
9684,2021-09-25,342.0
9685,2021-10-25,342.0
9686,2021-11-25,342.0
9687,2020-05-13,343.0
9688,2020-06-13,343.0
9689,2020-07-13,343.0
9690,2020-08-13,343.0
9691,2020-09-13,343.0
9692,2020-10-13,343.0
9693,2020-11-13,343.0
9694,2020-12-13,343.0
9695,2021-01-13,343.0
9696,2021-02-13,343.0
9697,2021-03-13,343.0
9698,2021-04-13,343.0
9699,2021-05-13,343.0
9700,2021-06-13,343.0
9701,2021-07-13,343.0
9702,2021-08-13,343.0
9703,2021-09-13,343.0
9704,2021-10-13,343.0
9705,2021-11-13,343.0
9706,2021-12-13,343.0
9707,2021-06-12,344.0
9708,2021-07-12,344.0
9709,2021-08-12,344.0
9710,2021-09-12,344.0
9711,2021-08-29,345.0
9712,2021-09-29,345.0
9713,2021-10-29,345.0
9714,2021-11-29,345.0
9715,2021-12-29,345.0
9716,2020-10-31,346.0
9717,2020-11-30,346.0
9718,2020-12-30,346.0
9719,2021-01-30,346.0
9720,2021-02-28,346.0
9721,2021-03-28,346.0
9722,2021-04-28,346.0
9723,2021-05-28,346.0
9724,2021-06-28,346.0
9725,2021-07-28,346.0
9726,2021-08-28,346.0
9727,2021-09-28,346.0
9728,2021-10-28,346.0
9729,2021-11-28,346.0
9730,2021-12-28,346.0
9731,2021-07-11,347.0
9732,2021-08-11,347.0
9733,2021-09-11,347.0
9734,2021-10-11,347.0
9735,2021-11-11,347.0
9736,2021-12-11,347.0
9737,2021-10-01,348.0
9738,2021-11-01,348.0
9739,2021-12-01,348.0
9740,2020-09-30,349.0
9741,2020-10-30,349.0
9742,2020-11-30,349.0
9743,2020-12-30,349.0
9744,2021-01-30,349.0
9745,2021-02-28,349.0
9746,2021-03-28,349.0
9747,2021-04-28,349.0
9748,2021-05-28,349.0
9749,2021-06-28,349.0
9750,2021-07-28,349.0
9751,2021-08-28,349.0
9752,2021-09-28,349.0
9753,2021-10-28,349.0
9754,2021-11-28,349.0
9755,2021-12-28,349.0
9756,2021-05-31,350.0
9757,2021-06-30,350.0
9758,2021-07-30,350.0
9759,2021-08-30,350.0
9760,2021-09-30,350.0
9761,2021-10-30,350.0
9762,2021-11-30,350.0
9763,2021-12-30,350.0
9764,2020-06-13,351.0
9765,2020-07-13,351.0
9766,2020-08-13,351.0
9767,2020-09-13,351.0
9768,2020-10-13,351.0
9769,2020-11-13,351.0
9770,2020-12-13,351.0
9771,2021-01-13,351.0
9772,2021-02-13,351.0
9773,2021-03-13,351.0
9774,2021-04-13,351.0
9775,2021-05-13,351.0
9776,2021-06-13,351.0
9777,2021-07-13,351.0
9778,2021-08-13,351.0
9779,2021-09-13,351.0
9780,2021-10-13,351.0
9781,2021-11-13,351.0
9782,2021-12-13,351.0
9783,2020-06-20,352.0
9784,2020-07-20,352.0
9785,2020-08-20,352.0
9786,2020-09-20,352.0
9787,2020-10-20,352.0
9788,2020-11-20,352.0
9789,2020-12-20,352.0
9790,2021-01-20,352.0
9791,2021-02-20,352.0
9792,2021-03-20,352.0
9793,2021-04-20,352.0
9794,2021-05-20,352.0
9795,2021-06-20,352.0
9796,2021-07-20,352.0
9797,2021-08-20,352.0
9798,2021-09-20,352.0
9799,2021-10-20,352.0
9800,2021-11-20,352.0
9801,2021-12-20,352.0
9802,2021-03-31,353.0
9803,2021-04-30,353.0
9804,2021-05-30,353.0
9805,2021-06-30,353.0
9806,2021-07-30,353.0
9807,2021-08-30,353.0
9808,2021-09-30,353.0
9809,2021-10-30,353.0
9810,2021-11-30,353.0
9811,2021-12-30,353.0
9812,2021-11-22,354.0
9813,2021-12-22,354.0
9814,2021-02-15,355.0
9815,2021-03-15,355.0
9816,2021-04-15,355.0
9817,2021-05-15,355.0
9818,2021-06-15,355.0
9819,2021-07-15,355.0
9820,2021-08-15,355.0
9821,2021-09-15,355.0
9822,2021-10-15,355.0
9823,2021-11-15,355.0
9824,2021-12-15,355.0
9825,2021-07-05,356.0
9826,2020-08-18,357.0
9827,2020-09-18,357.0
9828,2020-10-18,357.0
9829,2020-11-18,357.0
9830,2020-12-18,357.0
9831,2021-01-18,357.0
9832,2021-02-18,357.0
9833,2021-03-18,357.0
9834,2021-04-18,357.0
9835,2021-05-18,357.0
9836,2021-06-18,357.0
9837,2021-07-18,357.0
9838,2021-08-18,357.0
9839,2021-09-18,357.0
9840,2021-10-18,357.0
9841,2021-11-18,357.0
9842,2021-12-18,357.0
9843,2021-07-30,358.0
9844,2021-08-30,358.0
9845,2021-09-30,358.0
9846,2021-10-30,358.0
9847,2021-11-30,358.0
9848,2021-12-30,358.0
9849,2021-12-03,359.0
9850,2020-11-01,360.0
9851,2020-12-01,360.0
9852,2021-01-01,360.0
9853,2021-02-01,360.0
9854,2021-03-01,360.0
9855,2021-04-01,360.0
9856,2021-05-01,360.0
9857,2021-06-01,360.0
9858,2021-07-01,360.0
9859,2021-08-01,360.0
9860,2021-09-01,360.0
9861,2021-10-01,360.0
9862,2021-11-01,360.0
9863,2021-12-01,360.0
9864,2021-04-08,361.0
9865,2021-05-08,361.0
9866,2021-06-08,361.0
9867,2021-07-08,361.0
9868,2021-08-08,361.0
9869,2021-09-08,361.0
9870,2021-10-08,361.0
9871,2021-11-08,361.0
9872,2021-12-08,361.0
9873,2021-04-11,362.0
9874,2021-05-11,362.0
9875,2021-06-11,362.0
9876,2021-07-11,362.0
9877,2021-08-11,362.0
9878,2021-09-11,362.0
9879,2021-10-11,362.0
9880,2021-11-11,362.0
9881,2021-12-11,362.0
9882,2021-03-01,363.0
9883,2021-04-01,363.0
9884,2021-05-01,363.0
9885,2021-06-01,363.0
9886,2021-07-01,363.0
9887,2021-08-01,363.0
9888,2021-09-01,363.0
9889,2021-10-01,363.0
9890,2021-11-01,363.0
9891,2021-12-01,363.0
9892,2021-02-23,364.0
9893,2021-03-23,364.0
9894,2021-04-23,364.0
9895,2021-05-23,364.0
9896,2021-06-23,364.0
9897,2021-07-23,364.0
9898,2021-08-23,364.0
9899,2021-09-23,364.0
9900,2021-10-23,364.0
9901,2021-11-23,364.0
9902,2021-12-23,364.0
9903,2021-08-21,365.0
9904,2021-09-21,365.0
9905,2021-10-21,365.0
9906,2021-08-21,366.0
9907,2021-09-21,366.0
9908,2021-10-21,366.0
9909,2020-11-13,367.0
9910,2020-12-13,367.0
9911,2021-01-13,367.0
9912,2021-02-13,367.0
9913,2021-03-13,367.0
9914,2021-04-13,367.0
9915,2021-05-13,367.0
9916,2021-06-13,367.0
9917,2021-07-13,367.0
9918,2021-08-13,367.0
9919,2021-09-13,367.0
9920,2021-10-13,367.0
9921,2021-11-13,367.0
9922,2021-12-13,367.0
9923,2021-02-07,368.0
9924,2021-03-07,368.0
9925,2021-04-07,368.0
9926,2021-05-07,368.0
9927,2021-06-07,368.0
9928,2021-07-07,368.0
9929,2021-08-07,368.0
9930,2021-09-07,368.0
9931,2021-10-07,368.0
9932,2021-11-07,368.0
9933,2021-12-07,368.0
9934,2020-09-14,369.0
9935,2020-10-14,369.0
9936,2020-11-14,369.0
9937,2020-12-14,369.0
9938,2021-01-14,369.0
9939,2021-02-14,369.0
9940,2021-03-14,369.0
9941,2021-04-14,369.0
9942,2021-05-14,369.0
9943,2021-06-14,369.0
9944,2021-07-14,369.0
9945,2021-08-14,369.0
9946,2021-09-14,369.0
9947,2021-10-14,369.0
9948,2021-11-14,369.0
9949,2021-12-14,369.0
9950,2021-09-19,370.0
9951,2021-10-19,370.0
9952,2021-11-19,370.0
9953,2021-12-19,370.0
9954,2021-04-12,371.0
9955,2021-05-12,371.0
9956,2021-06-12,371.0
9957,2021-07-12,371.0
9958,2021-08-12,371.0
9959,2021-09-12,371.0
9960,2021-10-12,371.0
9961,2021-11-12,371.0
9962,2021-12-12,371.0
9963,2020-10-21,372.0
9964,2020-11-21,372.0
9965,2020-12-21,372.0
9966,2021-01-21,372.0
9967,2021-02-21,372.0
9968,2021-03-21,372.0
9969,2021-04-21,372.0
9970,2021-05-21,372.0
9971,2021-06-21,372.0
9972,2021-07-21,372.0
9973,2021-08-21,372.0
9974,2021-09-21,372.0
9975,2021-10-21,372.0
9976,2021-11-21,372.0
9977,2021-12-21,372.0
9978,2020-08-25,373.0
9979,2020-09-25,373.0
9980,2020-10-25,373.0
9981,2020-11-25,373.0
9982,2020-12-25,373.0
9983,2021-01-25,373.0
9984,2021-02-25,373.0
9985,2021-03-25,373.0
9986,2021-04-25,373.0
9987,2021-05-25,373.0
9988,2021-06-25,373.0
9989,2021-07-25,373.0
9990,2021-08-25,373.0
9991,2021-09-25,373.0
9992,2021-10-25,373.0
9993,2021-11-25,373.0
9994,2021-12-25,373.0
9995,2021-09-13,374.0
9996,2021-10-13,374.0
9997,2021-11-13,374.0
9998,2021-12-13,374.0
9999,2020-11-10,375.0
10000,2020-12-10,375.0
10001,2021-01-10,375.0
10002,2021-02-10,375.0
10003,2021-03-10,375.0
10004,2021-04-10,375.0
10005,2021-05-10,375.0
10006,2021-06-10,375.0
10007,2021-07-10,375.0
10008,2021-08-10,375.0
10009,2021-09-10,375.0
10010,2021-10-10,375.0
10011,2021-11-10,375.0
10012,2021-12-10,375.0
10013,2021-06-25,376.0
10014,2021-07-25,376.0
10015,2021-08-25,376.0
10016,2021-09-25,376.0
10017,2021-10-25,376.0
10018,2021-11-25,376.0
10019,2021-12-25,376.0
10020,2020-12-12,377.0
10021,2021-01-12,377.0
10022,2021-02-12,377.0
10023,2021-03-12,377.0
10024,2021-04-12,377.0
10025,2021-05-12,377.0
10026,2021-06-12,377.0
10027,2021-07-12,377.0
10028,2021-08-12,377.0
10029,2021-09-12,377.0
10030,2021-10-12,377.0
10031,2021-11-12,377.0
10032,2021-12-12,377.0
10033,2021-10-11,378.0
10034,2021-11-11,378.0
10035,2021-12-11,378.0
10036,2021-06-16,379.0
10037,2021-07-16,379.0
10038,2021-08-16,379.0
10039,2021-09-16,379.0
10040,2021-10-16,379.0
10041,2021-11-16,379.0
10042,2021-12-12,380.0
10043,2020-08-05,381.0
10044,2020-09-05,381.0
10045,2020-10-05,381.0
10046,2020-11-05,381.0
10047,2021-11-13,382.0
10048,2020-08-09,383.0
10049,2020-09-09,384.0
10050,2020-10-09,384.0
10051,2020-11-09,384.0
10052,2020-12-09,384.0
10053,2021-01-09,384.0
10054,2021-02-09,384.0
10055,2021-03-09,384.0
10056,2021-04-09,384.0
10057,2021-05-09,384.0
10058,2021-06-09,384.0
10059,2021-07-09,384.0
10060,2021-08-09,384.0
10061,2021-09-09,384.0
10062,2021-10-09,384.0
10063,2021-11-09,384.0
10064,2021-12-09,384.0
10065,2021-12-13,385.0
10066,2021-06-28,386.0
10067,2021-07-28,386.0
10068,2021-08-28,386.0
10069,2021-09-28,386.0
10070,2021-10-28,386.0
10071,2021-11-28,386.0
10072,2021-12-28,386.0
10073,2021-09-08,387.0
10074,2021-10-08,387.0
10075,2021-11-08,387.0
10076,2021-12-08,387.0
10077,2021-08-18,388.0
10078,2021-09-18,388.0
10079,2021-10-18,388.0
10080,2021-11-18,388.0
10081,2021-12-18,388.0
10082,2020-06-08,389.0
10083,2020-07-08,389.0
10084,2020-08-08,389.0
10085,2020-09-08,389.0
10086,2020-10-08,389.0
10087,2020-11-08,389.0
10088,2020-12-08,389.0
10089,2021-01-08,389.0
10090,2021-02-08,389.0
10091,2021-03-08,389.0
10092,2021-04-08,389.0
10093,2021-05-08,389.0
10094,2021-12-03,390.0
10095,2021-05-27,391.0
10096,2021-06-27,391.0
10097,2021-07-27,391.0
10098,2021-12-12,392.0
10099,2021-12-14,393.0
10100,2020-10-21,394.0
10101,2020-11-21,394.0
10102,2020-12-21,394.0
10103,2021-01-21,394.0
10104,2021-06-08,395.0
10105,2021-11-09,396.0
10106,2021-12-09,396.0
10107,2021-06-26,397.0
10108,2021-07-26,397.0
10109,2021-08-26,397.0
10110,2020-07-25,398.0
10111,2020-08-25,398.0
10112,2020-09-25,398.0
10113,2020-10-25,398.0
10114,2020-11-30,399.0
10115,2020-12-30,399.0
10116,2021-01-30,399.0
10117,2021-02-28,399.0
10118,2021-03-28,399.0
10119,2021-04-28,399.0
10120,2021-05-28,399.0
10121,2021-06-28,399.0
10122,2021-07-28,399.0
10123,2021-08-28,399.0
10124,2021-09-28,399.0
10125,2021-10-28,399.0
10126,2020-08-22,400.0
10127,2020-09-22,400.0
10128,2020-10-22,400.0
10129,2020-11-22,400.0
10130,2020-12-22,400.0
10131,2021-01-22,400.0
10132,2021-02-22,400.0
10133,2021-03-22,400.0
10134,2021-04-22,400.0
10135,2021-05-22,400.0
10136,2021-06-22,400.0
10137,2021-07-22,400.0
10138,2021-08-22,400.0
10139,2021-09-22,400.0
10140,2020-09-14,401.0
10141,2020-10-14,401.0
10142,2020-11-14,401.0
10143,2020-12-14,401.0
10144,2021-01-14,401.0
10145,2021-02-14,401.0
10146,2021-03-14,401.0
10147,2021-04-14,401.0
10148,2021-05-14,401.0
10149,2021-06-14,401.0
10150,2021-07-14,401.0
10151,2021-08-14,401.0
10152,2020-12-18,402.0
10153,2021-01-18,402.0
10154,2021-02-18,402.0
10155,2021-03-18,402.0
10156,2021-04-18,402.0
10157,2021-05-18,402.0
10158,2021-06-18,402.0
10159,2021-07-18,402.0
10160,2021-08-18,402.0
10161,2021-09-18,402.0
10162,2020-11-25,403.0
10163,2020-12-25,403.0
10164,2021-01-25,403.0
10165,2021-02-25,403.0
10166,2021-03-25,403.0
10167,2021-04-25,403.0
10168,2021-05-25,403.0
10169,2021-06-25,403.0
10170,2021-07-25,403.0
10171,2021-08-25,403.0
10172,2021-09-25,403.0
10173,2021-10-25,403.0
10174,2021-11-25,403.0
10175,2021-12-25,403.0
10176,2021-11-06,404.0
10177,2021-12-06,404.0
10178,2021-03-06,405.0
10179,2021-04-06,405.0
10180,2021-05-06,405.0
10181,2021-06-06,405.0
10182,2021-07-06,405.0
10183,2021-08-06,405.0
10184,2021-09-06,405.0
10185,2021-10-06,405.0
10186,2021-11-06,405.0
10187,2021-12-06,405.0
10188,2021-08-30,406.0
10189,2021-09-30,406.0
10190,2021-10-30,406.0
10191,2021-11-30,406.0
10192,2021-12-30,406.0
10193,2020-11-11,407.0
10194,2020-12-11,407.0
10195,2021-01-11,407.0
10196,2021-02-11,407.0
10197,2021-03-11,407.0
10198,2021-04-11,407.0
10199,2021-05-11,407.0
10200,2021-06-11,407.0
10201,2021-07-11,407.0
10202,2021-08-11,407.0
10203,2021-09-11,407.0
10204,2021-10-11,407.0
10205,2021-11-11,407.0
10206,2021-12-11,407.0
10207,2020-12-24,408.0
10208,2021-01-24,408.0
10209,2021-02-24,408.0
10210,2021-03-24,408.0
10211,2021-04-24,408.0
10212,2021-05-24,408.0
10213,2021-06-24,408.0
10214,2021-07-24,408.0
10215,2021-08-24,408.0
10216,2021-09-24,408.0
10217,2021-10-24,408.0
10218,2021-11-24,408.0
10219,2021-01-05,409.0
10220,2021-02-05,409.0
10221,2021-03-05,409.0
10222,2021-04-05,409.0
10223,2021-05-05,409.0
10224,2021-06-05,409.0
10225,2021-07-05,409.0
10226,2021-08-05,409.0
10227,2021-09-05,409.0
10228,2021-10-05,409.0
10229,2021-11-05,409.0
10230,2021-12-05,409.0
10231,2020-08-14,410.0
10232,2020-09-14,410.0
10233,2020-10-14,410.0
10234,2020-11-14,410.0
10235,2020-12-14,410.0
10236,2021-01-14,410.0
10237,2021-02-14,410.0
10238,2021-03-14,410.0
10239,2021-04-14,410.0
10240,2021-05-14,410.0
10241,2021-06-14,410.0
10242,2021-07-14,410.0
10243,2021-08-14,410.0
10244,2021-09-14,410.0
10245,2021-10-14,410.0
10246,2021-11-14,410.0
10247,2021-12-14,410.0
10248,2020-12-24,411.0
10249,2021-01-24,411.0
10250,2021-02-24,411.0
10251,2021-03-24,411.0
10252,2021-04-24,411.0
10253,2021-05-24,411.0
10254,2021-06-24,411.0
10255,2021-07-24,411.0
10256,2021-08-24,411.0
10257,2021-09-24,411.0
10258,2021-10-24,411.0
10259,2021-11-24,411.0
10260,2021-12-24,411.0
10261,2020-06-15,412.0
10262,2020-07-15,412.0
10263,2020-08-15,412.0
10264,2020-09-15,412.0
10265,2020-07-09,413.0
10266,2020-08-09,413.0
10267,2020-09-09,413.0
10268,2020-10-09,413.0
10269,2020-11-09,413.0
10270,2020-12-09,413.0
10271,2021-01-09,413.0
10272,2021-02-09,413.0
10273,2021-03-09,413.0
10274,2021-04-09,413.0
10275,2021-05-09,413.0
10276,2021-06-09,413.0
10277,2021-07-09,413.0
10278,2021-08-09,413.0
10279,2021-09-09,413.0
10280,2021-10-09,413.0
10281,2021-11-09,413.0
10282,2021-12-09,413.0
10283,2021-02-26,414.0
10284,2021-03-26,414.0
10285,2021-04-26,414.0
10286,2021-05-26,414.0
10287,2021-06-26,414.0
10288,2021-07-26,414.0
10289,2021-08-26,414.0
10290,2021-09-26,414.0
10291,2021-10-26,414.0
10292,2021-11-26,414.0
10293,2021-12-26,414.0
10294,2020-06-28,415.0
10295,2020-07-28,415.0
10296,2020-08-28,415.0
10297,2020-09-28,415.0
10298,2020-10-28,415.0
10299,2020-11-28,415.0
10300,2020-12-28,415.0
10301,2021-01-28,415.0
10302,2021-02-28,415.0
10303,2021-03-28,415.0
10304,2021-04-28,415.0
10305,2021-05-28,415.0
10306,2021-06-28,415.0
10307,2021-07-28,415.0
10308,2021-08-28,415.0
10309,2021-09-28,415.0
10310,2021-10-28,415.0
10311,2021-11-28,415.0
10312,2021-12-28,415.0
10313,2020-06-04,416.0
10314,2020-07-04,416.0
10315,2020-08-04,416.0
10316,2020-09-04,416.0
10317,2020-10-04,416.0
10318,2020-11-04,416.0
10319,2020-12-04,416.0
10320,2021-01-04,416.0
10321,2021-02-04,416.0
10322,2021-03-04,416.0
10323,2021-04-04,416.0
10324,2021-05-04,416.0
10325,2021-06-04,416.0
10326,2021-07-04,416.0
10327,2021-08-04,416.0
10328,2021-09-04,416.0
10329,2021-10-04,416.0
10330,2021-11-04,416.0
10331,2021-12-04,416.0
10332,2020-08-13,417.0
10333,2020-09-13,417.0
10334,2020-10-13,417.0
10335,2020-11-13,417.0
10336,2020-12-13,417.0
10337,2021-01-13,417.0
10338,2021-02-13,417.0
10339,2021-03-13,417.0
10340,2021-04-13,417.0
10341,2021-05-13,417.0
10342,2021-06-13,417.0
10343,2021-07-13,417.0
10344,2021-08-13,417.0
10345,2021-09-13,417.0
10346,2021-10-13,417.0
10347,2021-11-13,417.0
10348,2021-12-13,417.0
10349,2021-09-02,418.0
10350,2021-10-02,418.0
10351,2020-10-12,419.0
10352,2020-11-12,419.0
10353,2020-12-12,419.0
10354,2021-01-12,419.0
10355,2021-02-12,419.0
10356,2021-03-12,419.0
10357,2021-04-12,419.0
10358,2021-05-12,419.0
10359,2021-06-12,419.0
10360,2021-07-12,419.0
10361,2021-08-12,419.0
10362,2021-09-12,419.0
10363,2021-10-12,419.0
10364,2021-11-12,419.0
10365,2021-12-12,419.0
